Geneid	baseMean	log2FoldChange	lfcSE	stat	pvalue	padj	comparison
NM_033031	12.220534128674643	-2.195868163254984	1.112852696946605	-1.973188517473973	0.04847408820966419	0.9996103688959613	2_vs_1
NM_001146257	0.24325007740297233	2.3880319425349685	5.264634296700489	0.45359882718380323	0.6501175977941263	0.9996103688959613	2_vs_1
NM_014467	0.6263697131300022	0.1856930736076683	5.670676855613464	0.03274619209236879	0.9738769876625372	0.9996103688959613	2_vs_1
NM_000351	2034.8394997978928	0.027877489870672647	0.43976606241830135	0.06339163535579023	0.9494546478752809	0.9996103688959613	2_vs_1
NM_006125	6.208919924069147	-0.5840541305079627	1.5076070516882438	-0.38740474837520106	0.6984565890386787	0.9996103688959613	2_vs_1
NM_014728	1.2127006847445545	-0.5840592133212229	3.5084788316554625	-0.16647078159671747	0.8677864752259631	0.9996103688959613	2_vs_1
NR_109776	0.26108172549402897	-2.274438402724985	5.24666637174921	-0.4335016259032113	0.6646503851412191	0.9996103688959613	2_vs_1
NM_001171942	0.13054086274701449	-1.2707266181228496	5.344242256148473	-0.23777489066123403	0.8120556945547094	0.9996103688959613	2_vs_1
NM_198279	415.0426003811511	-0.3348161167039941	0.38047952799699836	-0.8799845775319494	0.378867664392021	0.9996103688959613	2_vs_1
NM_033215	28.307659404484458	3.4083926477799666	1.2355306327845763	2.7586468172774508	0.005804122647945904	0.9996103688959613	2_vs_1
NM_012278	5.3941607181382025	-0.0033855476126693667	1.5946891112659134	-0.002123014190510033	0.9983060810274956	0.9996103688959613	2_vs_1
NM_006517	1.36707973143234	0.9558852669560839	3.9302664667793636	0.2432113127788455	0.8078417036093861	0.9996103688959613	2_vs_1
NM_002547	2.4906218642241558	-2.4078292774626737	2.6807995153211133	-0.8981758105004201	0.3690918273273286	0.9996103688959613	2_vs_1
NM_153252	1977.4073248828545	-0.5660116413007713	0.2911572192265762	-1.9440068936099628	0.05189461980502628	0.9996103688959613	2_vs_1
NM_000489	8.054183550724852	-1.067446799811406	1.3043995202687804	-0.818343447099284	0.41316110403648176	0.9996103688959613	2_vs_1
NM_000390	1023.7830391285578	-0.15959673157719323	0.28682749419024745	-0.5564206180016189	0.5779233473288612	0.9996103688959613	2_vs_1
NM_001145414	70.51497148788305	0.6215955143993451	0.5399400761245446	1.151230556658968	0.24963739735888713	0.9996103688959613	2_vs_1
NM_006729	62.41333050133727	-0.6635067658463566	0.5551370806021662	-1.19521247819843	0.23200402447459756	0.9996103688959613	2_vs_1
NR_024608	16.117390773466028	0.8478843371124591	1.0242467474577226	0.8278125746720587	0.40777665218378434	0.9996103688959613	2_vs_1
NM_198465	0.24325007740297233	2.3880319425349685	5.264634296700489	0.45359882718380323	0.6501175977941263	0.9996103688959613	2_vs_1
NM_017416	0.37583490219787924	-0.8701376875658842	4.9072409391353675	-0.1773170908781989	0.8592593269252651	0.9996103688959613	2_vs_1
NM_017698	0.8364829914821722	2.429588480569984	4.828738440686323	0.503151808782722	0.6148575437164129	0.9996103688959613	2_vs_1
NM_032227	68.05763610127225	-0.6738358065814662	0.7128452451092591	-0.9452764273936991	0.3445177696954971	0.9996103688959613	2_vs_1
NM_002578	0.3737909401499868	0.9315846865039606	4.9112801692602845	0.18968265999866019	0.8495578094379974	0.9996103688959613	2_vs_1
NM_001081550	4601.69768500137	-0.47435266457212977	0.3384357407282768	-1.4016033399763703	0.16103372907347246	0.9996103688959613	2_vs_1
NM_001184772	17.48615964374176	0.4107415865895608	1.179042578865876	0.3483687476194915	0.7275632700684904	0.9996103688959613	2_vs_1
NR_110381	0.6140527898616078	0.4156826207707762	4.767667274123199	0.08718784195090934	0.9305222032714786	0.9996103688959613	2_vs_1
NR_027456	45.493225234475354	-0.41172868821436875	0.6746626527639012	-0.6102734255818568	0.5416806975390214	0.9996103688959613	2_vs_1
NM_001173473	0.9370711606250762	-1.1072990839149934	3.811882561097288	-0.29048614855444194	0.7714443460215595	0.9996103688959613	2_vs_1
NM_145177	695.4659221142236	-0.13457101695154228	0.3280037946759611	-0.41027274420555593	0.6816058835871548	0.9996103688959613	2_vs_1
NM_001171135	6.713766493261869	5.689937220429804	3.2001805446904013	1.7780050659548874	0.07540302286497343	0.9996103688959613	2_vs_1
NR_033380	17.847910072792324	-0.3440451801368949	0.9429341796649837	-0.36486659149330136	0.7152109937198309	0.9996103688959613	2_vs_1
NR_033381	36.23222578883042	-1.3944977693374077	0.7254343087562529	-1.9222936556836618	0.054568817847844155	0.9996103688959613	2_vs_1
NM_005044	2743.3793443902746	0.3547714390811384	0.34174043499275325	1.038131291337127	0.29920893519876746	0.9996103688959613	2_vs_1
NM_001282146	0.4896703887487906	1.8271691829777785	5.320311645563912	0.3434327356558664	0.7312729359084069	0.9996103688959613	2_vs_1
NM_001178135	4.485220742315204	0.7225986518211661	2.476333717020288	0.29180180637795927	0.7704381640313396	0.9996103688959613	2_vs_1
NM_001135565	0.38270676419551514	-0.905119926623533	4.9046691264556666	-0.1845425049655925	0.8535878855689761	0.9996103688959613	2_vs_1
NM_000216	11.902479844293504	0.26159542815249875	1.5194255157140242	0.1721673260367535	0.8633059843299312	0.9996103688959613	2_vs_1
NM_001649	2.1775808329069335	1.286221942346926	2.9433581980865426	0.4369913057755221	0.6621176533035574	0.9996103688959613	2_vs_1
NM_005647	1.8153193832240333	-0.6724681073026164	3.7028154515976217	-0.18160994413385426	0.8558888443430207	0.9996103688959613	2_vs_1
NM_001139468	0.3070263949308039	0.37074188587666385	4.9709196748823725	0.07458215181991183	0.9405471753506538	0.9996103688959613	2_vs_1
NM_001830	9.34717209705092	-0.8910262914384374	1.5953060968097965	-0.558529985700087	0.5764825345313049	0.9996103688959613	2_vs_1
NM_015691	3093.890967411566	0.5672768082428362	0.5181267368508616	1.0948610984461165	0.273577494137876	0.9996103688959613	2_vs_1
NM_013423	0.9203657844289731	0.4479849240381168	4.521772968716103	0.09907284756167581	0.9210804305086212	0.9996103688959613	2_vs_1
NM_001287242	0.508419726992786	-3.238593754919404	5.198688220229552	-0.6229636434662746	0.5333084134991132	0.9996103688959613	2_vs_1
NM_021109	366260.56475576345	0.24705177820847055	0.27940013557553756	0.884222112847467	0.3765763236290378	0.9996103688959613	2_vs_1
NM_003611	2142.095074858015	-0.30600430905875564	0.2889679727279257	-1.0589557942010075	0.2896199124636605	0.9996103688959613	2_vs_1
NM_017856	3.0478573678458147	-0.7833095026102498	2.5305931732722113	-0.30953592655013085	0.7569138876418824	0.9996103688959613	2_vs_1
NM_001001994	0.873894627937922	3.467521169066929	5.202010655581516	0.666573253814165	0.5050447580509684	0.9996103688959613	2_vs_1
NM_002641	49.30555943714544	-0.46743461647091067	0.6320122487895928	-0.7395974007879192	0.45954431928942563	0.9996103688959613	2_vs_1
NM_021804	1.7392395810659493	3.3808620855006772	4.556880459711774	0.7419246818940076	0.45813297060036673	0.9996103688959613	2_vs_1
NM_003662	0.13054086274701449	-1.2707266181228496	5.344242256148473	-0.23777489066123403	0.8120556945547094	0.9996103688959613	2_vs_1
NR_037859	1.1833394550666867	-2.8363160082162726	4.137902503681751	-0.6854477614425725	0.49306141396509595	0.9996103688959613	2_vs_1
NM_175859	19.63966533843912	2.3028100408494647	1.3094168782522198	1.75865309138462	0.07863644942735833	0.9996103688959613	2_vs_1
NM_001144002	1.6919377744542006	-0.6138190949534983	2.833750352601798	-0.21661015212222995	0.8285121733266958	0.9996103688959613	2_vs_1
NM_019857	2.254539490970806	0.20061092272122621	2.2766062588874143	0.088118409557244	0.9297825645848199	0.9996103688959613	2_vs_1
NM_001037343	0.17648553218378946	1.8271796735912864	5.3203155705020135	0.34343445409928525	0.731271643310309	0.9996103688959613	2_vs_1
NM_006089	3.998023828974691	0.4813945692410459	1.809191347277713	0.2660827280460961	0.7901754966791825	0.9996103688959613	2_vs_1
NM_001024666	7.829764650644441	0.7991794447265189	1.375960113847185	0.5808158511891837	0.5613645706915562	0.9996103688959613	2_vs_1
NM_031892	509.9559719891827	0.7138766970716524	0.5132346242011335	1.3909363542703783	0.164244727515383	0.9996103688959613	2_vs_1
NM_001184960	0.25216590144850065	0.09858869458804254	5.008909286092474	0.019682667214952314	0.9842965176611627	0.9996103688959613	2_vs_1
NM_001001671	17.703753231592657	0.2095236753519116	0.9429945703128756	0.22218969435040745	0.8241662163400063	0.9996103688959613	2_vs_1
NM_001168465	13.000822780391301	-0.5651765966077298	1.2010162241458318	-0.47058198319484484	0.6379392761783731	0.9996103688959613	2_vs_1
NM_004586	3717.598528234236	-0.2885020458972804	0.2641776561057652	-1.0920758785965485	0.2747997507762925	0.9996103688959613	2_vs_1
NR_045617	0.254209863496393	-2.2394545989067383	5.249070786110481	-0.42663829278746607	0.6696428021518525	0.9996103688959613	2_vs_1
NM_000444	0.34870454787706634	1.8271714184041798	5.320312660479904	0.34343309031002794	0.7312726691405886	0.9996103688959613	2_vs_1
NM_024122	10.809043852517775	0.7325804578648153	1.2279110780384812	0.5966070922945588	0.550769734976846	0.9996103688959613	2_vs_1
NM_030624	1129.5256596521142	-0.5197252533187193	0.29049534968546237	-1.789100079851394	0.0735986993223083	0.9996103688959613	2_vs_1
NM_001037171	0.3131848565650011	0.18569951937205179	5.670679084127837	0.03274731590645334	0.973876091469275	0.9996103688959613	2_vs_1
NM_001142386	3790.883480406887	-0.5615467922054863	0.33315215639843054	-1.685556528512783	0.09188124821298957	0.9996103688959613	2_vs_1
NM_005391	10.432709000617857	0.8701153329678142	1.2087378714294637	0.7198544477958719	0.4716146171131751	0.9996103688959613	2_vs_1
NM_016937	3392.5511769462046	-0.2801580432648029	0.305044299153517	-0.9184175676851782	0.3584002968906467	0.9996103688959613	2_vs_1
NM_004019	5.041655364785722	-3.683829282557268	2.0988874854563613	-1.7551342356764268	0.0792363495531217	0.9996103688959613	2_vs_1
NM_001304548	0.17221901569327688	0.1857021468712428	5.670679992547694	0.032747774008635516	0.9738757261525522	0.9996103688959613	2_vs_1
NR_110412	0.254209863496393	-2.2394545989067383	5.249070786110481	-0.42663829278746607	0.6696428021518525	0.9996103688959613	2_vs_1
NM_001173486	0.254209863496393	-2.2394545989067383	5.249070786110481	-0.42663829278746607	0.6696428021518525	0.9996103688959613	2_vs_1
NM_000328	133.85480828178223	0.2140443395341531	0.5705772471956909	0.3751364790414475	0.7075589683986744	0.9996103688959613	2_vs_1
NM_004615	8.483968790190508	-1.079132876642197	1.3955737378297173	-0.7732539294701667	0.4393721153177458	0.9996103688959613	2_vs_1
NM_000531	0.12162503870148617	1.5550309128527788	5.355826361799035	0.29034378783154585	0.7715532430081575	0.9996103688959613	2_vs_1
NR_038968	0.24325007740297233	2.3880319425349685	5.264634296700489	0.45359882718380323	0.6501175977941263	0.9996103688959613	2_vs_1
NM_144970	2421.2066480001977	0.08937376628809361	0.2987705113031328	0.29913851235945743	0.7648343622420022	0.9996103688959613	2_vs_1
NM_001039590	0.24325007740297233	2.3880319425349685	5.264634296700489	0.45359882718380323	0.6501175977941263	0.9996103688959613	2_vs_1
NM_003688	2.6901498266329735	-1.3257254853680356	2.189986482291286	-0.6053578394607203	0.5449412579601849	0.9996103688959613	2_vs_1
NM_000898	0.24325007740297233	2.3880319425349685	5.264634296700489	0.45359882718380323	0.6501175977941263	0.9996103688959613	2_vs_1
NM_025184	10.509052140356454	-1.431763444281563	1.4672925875186638	-0.9757859178603334	0.32917056463497796	0.9996103688959613	2_vs_1
NM_014735	1.57983675667308	4.695771912779645	4.607594013478193	1.0191375149467408	0.30813768620181425	0.9996103688959613	2_vs_1
NM_001039891	0.7479947518314884	1.5550135074968066	5.3558201673011405	0.29034087383863666	0.7715554720762162	0.9996103688959613	2_vs_1
NM_007137	466.0853167963517	-0.9817390251562573	0.39391449684111646	-2.4922642680810934	0.012693155662711383	0.9996103688959613	2_vs_1
NM_007130	1.5336750934601309	-0.8675957415551857	2.823361515385361	-0.3072917643834808	0.7586213037148526	0.9996103688959613	2_vs_1
NM_006950	0.17221901569327688	0.1857021468712428	5.670679992547694	0.032747774008635516	0.9738757261525522	0.9996103688959613	2_vs_1
NM_001282163	0.26108172549402897	-2.274438402724985	5.24666637174921	-0.4335016259032113	0.6646503851412191	0.9996103688959613	2_vs_1
NM_001272102	0.17221901569327688	0.1857021468712428	5.670679992547694	0.032747774008635516	0.9738757261525522	0.9996103688959613	2_vs_1
NM_020717	0.8528577583793399	-3.2386045748034147	5.198687840044233	-0.6229657702963483	0.5333070158399971	0.9996103688959613	2_vs_1
NM_001242491	2.707037429458302	2.1576938897930447	2.394519868656203	0.9010966741336481	0.3675369211111219	0.9996103688959613	2_vs_1
NM_022117	1193.2999236490025	0.08532191938987244	0.3062345746255835	0.278616219263259	0.7805393642446932	0.9996103688959613	2_vs_1
NM_001184898	11.436427456704857	0.2370651486258802	1.1326011167122731	0.2093103610157436	0.8342059639944059	0.9996103688959613	2_vs_1
NM_031407	29869.35313621724	-0.1955151015146	0.29335669879543946	-0.6664756670545117	0.5051071117529073	0.9996103688959613	2_vs_1
NM_001184896	1.689867236915788	-1.5832099644987423	3.1434304793433054	-0.5036567453623123	0.614502609117973	0.9996103688959613	2_vs_1
NM_017848	8.575785929751135	0.5714346927369807	1.3870619168298175	0.41197489874353715	0.6803578215566412	0.9996103688959613	2_vs_1
NM_174912	134.764157710631	-1.060469739859555	0.5977983276575701	-1.7739590273109824	0.07606992784065057	0.9996103688959613	2_vs_1
NR_015367	1303.3832460359042	-0.09091542235080803	0.28733123476149974	-0.31641329362007126	0.7516888280562282	0.9996103688959613	2_vs_1
NM_015185	39.57482981776812	-0.5108849712871846	0.6640672121205499	-0.7693272035759572	0.44169909183056455	0.9996103688959613	2_vs_1
NR_015353	558.6530799690952	-0.005124769541636873	0.29980472122175406	-0.01709369192303772	0.9863618712946416	0.9996103688959613	2_vs_1
NM_001173479	9.216116049155127	-0.663422994205395	1.3778543718550187	-0.4814899221259661	0.6301683406053906	0.9996103688959613	2_vs_1
NM_130388	3.8756631974914857	1.417935139556249	2.4901960174009123	0.569407038501406	0.5690799413638941	0.9996103688959613	2_vs_1
NM_017677	121.53444724864875	-0.11650904256744761	0.4515633252435023	-0.25801263312210077	0.7963971574211958	0.9996103688959613	2_vs_1
NM_138737	1.1959303316764849	-4.24774624945922	4.396970019791636	-0.966062136048067	0.33401308976935795	0.9996103688959613	2_vs_1
NM_000044	0.9590173083024376	-3.582622516464381	4.756983162224603	-0.7531291144593768	0.45137233051656067	0.9996103688959613	2_vs_1
NM_012310	2726.351184519415	-0.12516988876658983	0.29419137139380214	-0.42547097208720797	0.6704933781185807	0.9996103688959613	2_vs_1
NM_001170747	10.155347409100132	0.23159722093605473	1.6595257906762109	0.13955626495065512	0.889010597874373	0.9996103688959613	2_vs_1
NM_017669	1018.8937565224211	-0.2204021833712233	0.32953477304016016	-0.6688283040295813	0.5036050093199256	0.9996103688959613	2_vs_1
NM_181672	0.47032958657855245	2.648760292042689	5.245081308501344	0.5049989001599497	0.6135596084657073	0.9996103688959613	2_vs_1
NM_001013627	9.52390200014696	0.707491467489	1.4742166332301478	0.4799101105912904	0.6312913116288232	0.9996103688959613	2_vs_1
NR_104395	0.5063757649448938	-1.4666503540231146	4.870759030078503	-0.3011133059480211	0.7633280949481317	0.9996103688959613	2_vs_1
NR_028379	172.2609252332512	0.22207765471981694	0.4464789041304534	0.49739786732438696	0.61890850921458	0.9996103688959613	2_vs_1
NR_024582	144.2320036447579	0.5765572776503491	0.5311305531678473	1.0855283587275502	0.27768771052605634	0.9996103688959613	2_vs_1
NR_029423	17.923789954046878	-0.3625838957161064	0.9203605017643928	-0.393958557566311	0.6936116363013626	0.9996103688959613	2_vs_1
NM_001039840	1.1343765685912734	-1.0494465725500248	3.9451765082808854	-0.26600750824386366	0.7902334265507769	0.9996103688959613	2_vs_1
NR_003255	3.61800122052383	-0.05288738795635737	2.4809639258274205	-0.021317274066658995	0.9829925642575554	0.9996103688959613	2_vs_1
NM_001008537	392.1704483026205	-0.2587612303926884	0.6072818522658036	-0.42609741988375804	0.6700368601830358	0.9996103688959613	2_vs_1
NM_032121	5832.767158344171	-0.009361127615076095	0.2972359386542736	-0.03149392922490566	0.9748756335218258	0.9996103688959613	2_vs_1
NM_000291	84840.54464996977	-0.6823411113466015	0.32746074797750147	-2.0837340522824506	0.03718436496258191	0.9996103688959613	2_vs_1
NM_000052	43.38783510211482	-1.5841856080291297	0.6488742209650586	-2.441437118079679	0.014628935757747135	0.9996103688959613	2_vs_1
NM_003022	7843.797247771042	-0.233239050271383	0.2815679486517322	-0.8283579554712508	0.4074678100337268	0.9996103688959613	2_vs_1
NM_030763	1387.7102413366026	0.49749486747531513	0.3651827568119566	1.3623175196398716	0.1730977009578032	0.9996103688959613	2_vs_1
NM_014496	171.45700134339822	-0.33700268065760247	0.6069431769365642	-0.5552458507871568	0.5787265110716662	0.9996103688959613	2_vs_1
NM_198450	1284.309488240069	-0.5223136828256688	0.31612350935456074	-1.6522456172022544	0.09848449056170366	0.9996103688959613	2_vs_1
NM_024921	34.77949673631291	1.1741327269763893	0.7833558890250236	1.4988496843213015	0.13391263193336736	0.9996103688959613	2_vs_1
NM_007309	10.847369544891967	-0.18856203437678434	1.1397202182638204	-0.1654458974712479	0.8685930304399225	0.9996103688959613	2_vs_1
NR_028407	9.572126001352133	-0.5937823698021465	1.5811552892595486	-0.37553703537886746	0.7072611082057121	0.9996103688959613	2_vs_1
NM_212559	23.270136466099675	0.2792392910523387	1.1019488000712283	0.2534049594992881	0.7999552955795607	0.9996103688959613	2_vs_1
NM_001199818	19.85029678498074	-0.432414233204731	0.8787745951552435	-0.4920650137005168	0.6226733841284888	0.9996103688959613	2_vs_1
NR_131236	3.557725655118055	-0.6162307089095883	1.8755027074726498	-0.32856828542785493	0.7424820228151909	0.9996103688959613	2_vs_1
NR_131237	1.3389750310010566	-1.9879353434331983	3.493842339017494	-0.5689825557475576	0.5693679782825485	0.9996103688959613	2_vs_1
NM_017752	187.58546805767583	0.0014103405648682157	0.5916101341800634	0.0023839019708863916	0.9980979232245425	0.9996103688959613	2_vs_1
NM_198881	5.251306475237566	0.8944054790128446	1.6138171380393282	0.5542173632506363	0.579430096730315	0.9996103688959613	2_vs_1
NM_001171080	530.8557257395981	-0.24665303246000359	0.48368166323587136	-0.5099491074560774	0.6100871167473709	0.9996103688959613	2_vs_1
NM_018301	145.0529819599394	-0.6192471185301046	0.4710376508876506	-1.3146446305580022	0.1886293632088999	0.9996103688959613	2_vs_1
NM_198057	12.139340632920543	0.5964776882650341	1.5671416320208247	0.3806150484917421	0.7034889132615787	0.9996103688959613	2_vs_1
NM_052936	40.513421755587025	0.29636192726873006	0.6443447621990214	0.4599430998046843	0.6455570628904906	0.9996103688959613	2_vs_1
NM_001522	0.6875106046836988	-3.257030210294319	5.198044543938703	-0.6265875913072451	0.5309296043067819	0.9996103688959613	2_vs_1
NM_022977	22.761555873714016	-1.0450256287131108	0.8100154886068637	-1.2901304276421164	0.1970053768455654	0.9996103688959613	2_vs_1
NM_012471	1.383280289007019	-1.2699040675832387	4.962142368992406	-0.2559185071993613	0.7980137637128852	0.9996103688959613	2_vs_1
NR_131204	0.26108172549402897	-2.274438402724985	5.24666637174921	-0.4335016259032113	0.6646503851412191	0.9996103688959613	2_vs_1
NM_001282338	0.3070263949308039	0.37074188587666385	4.9709196748823725	0.07458215181991183	0.9405471753506538	0.9996103688959613	2_vs_1
NM_001289109	0.8180514674307133	-3.582636462673002	4.965224466373375	-0.7215457200245728	0.47057382160925587	0.9996103688959613	2_vs_1
NM_145305	882.3619991242564	0.015160512943514913	0.3794366183890377	0.039955323784724404	0.9681287442827896	0.9996103688959613	2_vs_1
NM_144658	2928.8392588180627	-0.4063530070099416	0.30745067297026174	-1.321685209156287	0.18627299592464852	0.9996103688959613	2_vs_1
NM_001560	167.74092654759846	-0.41635539565364094	0.7695615770260735	-0.5410293446076433	0.5884873567094455	0.9996103688959613	2_vs_1
NM_020721	0.254209863496393	-2.2394545989067383	5.249070786110481	-0.42663829278746607	0.6696428021518525	0.9996103688959613	2_vs_1
NM_024528	992.5228271860664	0.20706045003785659	0.43167370644378783	0.4796688956194737	0.6314628484933437	0.9996103688959613	2_vs_1
NM_013995	2456.119124874192	-0.012918747647205709	0.36273077286679495	-0.03561525134772572	0.9715891472201742	0.9996103688959613	2_vs_1
NM_145799	6225.599965819637	0.44078122617529725	0.4031458654260316	1.093354202478286	0.2742383131903432	0.9996103688959613	2_vs_1
NM_002294	216.58724298476702	-0.06273118099391088	0.36123020364513075	-0.17365984450053742	0.8621327973729572	0.9996103688959613	2_vs_1
NR_131238	2.21232280470161	-5.358799942371217	4.0173938984858335	-1.3338995572206558	0.18223677671084348	0.9996103688959613	2_vs_1
NM_001282418	1.2856236915979349	-0.6020679850643478	3.1637066782182988	-0.19030461616732866	0.8490704365750649	0.9996103688959613	2_vs_1
NM_001042749	46.0922918833399	-1.0836813632139404	0.6227728031546521	-1.7400910215162877	0.08184303656027439	0.9996103688959613	2_vs_1
NM_003399	39.980458272124444	-0.43607290402076737	0.7377138740915254	-0.591113871292958	0.5544441262699213	0.9996103688959613	2_vs_1
NM_003069	0.3529710643675789	2.8758310289505564	5.230652603206942	0.5498034847864621	0.5824541682300253	0.9996103688959613	2_vs_1
NM_182314	0.3916225882410434	-2.859929562986963	5.213879394580222	-0.5485223854544531	0.5833332627967862	0.9996103688959613	2_vs_1
NM_145812	0.34870454787706634	1.8271714184041798	5.320312660479904	0.34343309031002794	0.7312726691405886	0.9996103688959613	2_vs_1
NR_026975	123.12296364507597	-0.0938597384718325	0.48593547713873037	-0.19315267743877107	0.8468393987001346	0.9996103688959613	2_vs_1
NR_110410	55.19050781274009	-0.6651083733825679	0.5887080890435484	-1.1297761755968805	0.2585705495428936	0.9996103688959613	2_vs_1
NM_001170704	3.0705770768206384	0.32626120535526115	2.131539937540753	0.15306361359181586	0.8783481098457792	0.9996103688959613	2_vs_1
NM_133486	0.17221901569327688	0.1857021468712428	5.670679992547694	0.032747774008635516	0.9738757261525522	0.9996103688959613	2_vs_1
NM_000194	4764.744005127769	0.06662257400982541	0.38204151453899327	0.17438569232513482	0.8615623579113967	0.9996103688959613	2_vs_1
NM_001159702	1.8207002164605666	-5.077739497561871	4.248215663422249	-1.1952640590452934	0.2319838773453975	0.9996103688959613	2_vs_1
NM_182540	1620.6053983475929	-0.17346061002854987	0.29023145051585686	-0.5976630365876658	0.5500647939249357	0.9996103688959613	2_vs_1
NM_004840	93.61504327216136	-0.21563403282330998	0.4744157054254113	-0.45452549390191394	0.6494506469343748	0.9996103688959613	2_vs_1
NM_001306177	1.760588805347382	5.059643454663201	4.468271492467049	1.1323491563109205	0.25748767146344187	0.9996103688959613	2_vs_1
NM_001306145	6.709210525166246	0.18568082075286813	1.419048241949496	0.1308488430934376	0.8958948839197598	0.9996103688959613	2_vs_1
NM_000252	437.10395219926704	0.12086524466900186	0.3663782601115724	0.329891966385219	0.7414815939191617	0.9996103688959613	2_vs_1
NM_001306144	1203.4651934549413	0.20638239589819166	0.28010037474114713	0.7368158507067994	0.4612343426386636	0.9996103688959613	2_vs_1
NM_003828	0.7730894650188439	1.1921686565740477	4.282494988523035	0.2783817984070095	0.7807192902756315	0.9996103688959613	2_vs_1
NM_173493	0.34443803138655377	0.18569776745135688	5.670678478428821	0.03274701046052047	0.9738763350492293	0.9996103688959613	2_vs_1
NM_004344	893.3086552458841	0.1661114318428468	0.3370686406130698	0.4928118840741717	0.6221455128529745	0.9996103688959613	2_vs_1
NM_001178113	2.2935473215379782	-1.7547785471219266	2.9286284003316525	-0.5991810182962122	0.5490521792695673	0.9996103688959613	2_vs_1
NM_001178115	0.5251900800608558	2.875809957862985	5.230650379903752	0.5497996900943516	0.5824567712466997	0.9996103688959613	2_vs_1
NR_073156	23.77942997371378	0.20580810422351353	0.819045220341198	0.2512780724582923	0.8015991270477978	0.9996103688959613	2_vs_1
NM_006730	17.86308474154813	-0.1799004816725124	0.9858275221278013	-0.18248677140217878	0.8552007349480356	0.9996103688959613	2_vs_1
NM_000402	1.2055331098529383	0.18568712410452257	5.670674798687733	0.03274515480018233	0.9738778148583465	0.9996103688959613	2_vs_1
NM_000132	18.82014784335656	0.34648681641903895	0.9708193505121155	0.3569014320081941	0.7211655975871947	0.9996103688959613	2_vs_1
NM_001166462	0.47032958657855245	2.648760292042689	5.245081308501344	0.5049989001599497	0.6135596084657073	0.9996103688959613	2_vs_1
NM_001009932	20.001030677331812	-0.7215717453318781	0.8655881015886873	-0.8336202219133053	0.40449502666838066	0.9996103688959613	2_vs_1
NM_001304990	1.5900447410216152	0.22133524840843788	2.8995675474398106	0.0763338824797743	0.9391534701512398	0.9996103688959613	2_vs_1
NM_001184797	0.2938440543947631	1.5550225807532745	5.355823488630186	0.29034238788011096	0.7715543139051839	0.9996103688959613	2_vs_1
NM_018196	20.219662535893338	-0.028209059156542423	1.1318832921335642	-0.02492223301871454	0.9801169933561615	0.9996103688959613	2_vs_1
NM_001289	494.02530160935544	1.212291815353511	0.6326961280455354	1.91607275849531	0.05535583520318237	0.9996103688959613	2_vs_1
NM_012227	1942.5753925675206	0.7950075419345237	0.42845875236458836	1.8555054309125842	0.063524084410349	0.9996103688959613	2_vs_1
NM_018390	2204.0200058000482	-0.7351579693404657	0.6249010582271851	-1.1764389892794778	0.23941949913666982	0.9996103688959613	2_vs_1
NM_013239	253.96495162669376	0.17475785964611762	0.47156909511566925	0.37058802507669	0.7109444025749978	0.9996103688959613	2_vs_1
NR_027232	4.970436088517104	-0.45252594874603436	1.6954451872230885	-0.26690685853855944	0.7895408758090655	0.9996103688959613	2_vs_1
NM_001161529	0.13054086274701449	-1.2707266181228496	5.344242256148473	-0.23777489066123403	0.8120556945547094	0.9996103688959613	2_vs_1
NR_026711	34.29654444481217	-0.923725028623476	0.8359887466349843	-1.1049491184440547	0.26918163719192756	0.9996103688959613	2_vs_1
NM_002183	95.5898360126	-0.943166823004594	0.6448941317304716	-1.4625141966693893	0.1436003569042829	0.9996103688959613	2_vs_1
NR_026710	35.14934869921013	-0.02889556569390032	0.7157336048637265	-0.04037195612661215	0.9677965877839451	0.9996103688959613	2_vs_1
NR_130733	29.536108921172225	-0.7806630912839219	0.7186847665301911	-1.0862385396770855	0.27737347052938954	0.9996103688959613	2_vs_1
NM_001636	33867.55368182054	0.3607708163723044	0.30161464226820633	1.1961316388993288	0.23164519265891959	0.9996103688959613	2_vs_1
NM_178129	7427.44204438322	0.04751819272647856	0.29030015109092605	0.16368642092644034	0.8699780078908272	0.9996103688959613	2_vs_1
NR_027383	27.13257020244301	-0.6695577860403265	0.7528363343166887	-0.8893802749943651	0.3737987421575477	0.9996103688959613	2_vs_1
NR_037842	2.368192750892492	-3.7733592605586677	3.0486778742182197	-1.2377034951671566	0.21582602269919404	0.9996103688959613	2_vs_1
NM_001277710	1.4434469255699698	-1.2807911759650563	3.1488011634367883	-0.4067551774425556	0.6841878102268355	0.9996103688959613	2_vs_1
NM_001282631	0.13054086274701449	-1.2707266181228496	5.344242256148473	-0.23777489066123403	0.8120556945547094	0.9996103688959613	2_vs_1
NM_001669	293.93921141538016	-0.17588093450875458	0.45302297719723356	-0.3882384412307213	0.6978395878911055	0.9996103688959613	2_vs_1
NR_046643	0.6071809278639719	0.4506664447533898	4.770313051727167	0.09447313831745674	0.9247333195098136	0.9996103688959613	2_vs_1
NR_034031	299.53707839371896	0.5056937040423146	0.41405858232315895	1.2213095577080382	0.22196883598651018	0.9996103688959613	2_vs_1
NR_039924	1.9200082715691211	4.470686941002582	4.4061626405496375	1.0146441032065252	0.31027550805159165	0.9996103688959613	2_vs_1
NM_013452	1.139617340072532	-1.4878878283804147	4.300075920696243	-0.34601431598433374	0.7293319559284032	0.9996103688959613	2_vs_1
NM_004650	14.175579867969867	-0.00153086256146689	1.0438158285999375	-0.0014666021720711254	0.9988298211895584	0.9996103688959613	2_vs_1
NM_016378	0.24325007740297233	2.3880319425349685	5.264634296700489	0.45359882718380323	0.6501175977941263	0.9996103688959613	2_vs_1
NM_000273	0.680638742686063	-3.238600886104053	5.198687969651653	-0.6229650452210274	0.5333074923273771	0.9996103688959613	2_vs_1
NM_005333	0.43069539568018245	-0.5979739119790792	4.868457789153128	-0.1228261469805405	0.9022447687303317	0.9996103688959613	2_vs_1
NM_078628	896.7424049372004	0.3179205037844588	0.4063806547245232	0.7823219439418698	0.4340253937331213	0.9996103688959613	2_vs_1
NM_001193270	1.865787880663855	-0.6195973889953968	2.5685912979850847	-0.24122069925310272	0.8093840688223196	0.9996103688959613	2_vs_1
NM_006800	15.916676511960821	0.07246464344585209	0.9978683168981861	0.07261944508981315	0.9421089526297634	0.9996103688959613	2_vs_1
NM_016562	4160.925323989958	0.1295951141564803	0.36069263682323316	0.3592951475191654	0.7193743040370906	0.9996103688959613	2_vs_1
NR_030727	2.753804207723609	-1.321349502659512	2.7031792083386477	-0.4888131347649728	0.6249739981041614	0.9996103688959613	2_vs_1
NM_174901	3.617531298307361	1.361222350623987	2.1807183668625627	0.6242082294113024	0.5324908430485166	0.9996103688959613	2_vs_1
NR_045260	0.8106447974643665	-0.036251149419814895	4.725197586951414	-0.007671880117758902	0.9938787853485833	0.9996103688959613	2_vs_1
NR_046087	0.254209863496393	-2.2394545989067383	5.249070786110481	-0.42663829278746607	0.6696428021518525	0.9996103688959613	2_vs_1
NM_004251	25.70345809462199	0.35548228505758594	0.786432145522895	0.45201901661996213	0.6512552828537121	0.9996103688959613	2_vs_1
NM_152634	0.17221901569327688	0.1857021468712428	5.670679992547694	0.032747774008635516	0.9738757261525522	0.9996103688959613	2_vs_1
NM_001297563	1.7299192064033406	3.0680995276842418	3.2037252203021365	0.9576662530986023	0.3382310789788038	0.9996103688959613	2_vs_1
NM_001001995	40.50595676840906	-0.1460977549611555	0.7295106612951039	-0.20026815605653722	0.8412708658144923	0.9996103688959613	2_vs_1
NR_110506	278.3436996106978	-0.2641183186388789	0.360692317218194	-0.7322537964652724	0.4640136744916743	0.9996103688959613	2_vs_1
NM_152581	25.02130539798105	-0.8395332836094139	0.8036205930412724	-1.0446886141036174	0.2961669088398867	0.9996103688959613	2_vs_1
NM_001018113	9.74062814924293	-0.17500154577080193	1.2689315273646598	-0.13791252088617292	0.8903095547344438	0.9996103688959613	2_vs_1
NM_004469	0.17221901569327688	0.1857021468712428	5.670679992547694	0.032747774008635516	0.9738757261525522	0.9996103688959613	2_vs_1
NM_020665	13.901701703253371	0.7385510879504932	1.102774138286565	0.669721080962251	0.5030356105148678	0.9996103688959613	2_vs_1
NR_026551	258.1954832347287	0.5605738911326751	0.4802575550942299	1.1672359657573457	0.24311509018767674	0.9996103688959613	2_vs_1
NM_001272071	4.3462500044628465	-0.7075124715596977	2.1470346217419047	-0.32953007110136295	0.7417550685509027	0.9996103688959613	2_vs_1
NM_005089	819.3095795984906	0.7260324514120851	0.3105522904190037	2.3378750497460725	0.019393730917416325	0.9996103688959613	2_vs_1
NM_007220	181.1416484912135	-0.30264086384534306	0.43434193426379397	-0.6967802092568309	0.4859403533247044	0.9996103688959613	2_vs_1
NM_005314	70.4215847205002	-1.6454628486268228	0.6351089256075754	-2.590835653982811	0.009574320257201289	0.9996103688959613	2_vs_1
NM_001277307	2.2310758682998286	-0.1949931582077071	2.314838871013557	-0.08423616894005627	0.9328686617123687	0.9996103688959613	2_vs_1
NR_039762	0.5673947200613941	-2.239464877929255	5.249070071171656	-0.42664030915277523	0.6696413332800284	0.9996103688959613	2_vs_1
NM_032796	0.3131848565650011	0.18569951937205179	5.670679084127837	0.03274731590645334	0.973876091469275	0.9996103688959613	2_vs_1
NM_018360	127.9549778670687	0.2151678899051797	0.4744024790817346	0.453555576525789	0.6501487334905436	0.9996103688959613	2_vs_1
NM_001198719	20.72498066890555	1.0833071222425878	0.9833834021022514	1.1016121686889588	0.2706303157500072	0.9996103688959613	2_vs_1
NM_002893	433.8982873489268	0.6822537507145181	0.543577819558568	1.2551169789609278	0.20943629765668403	0.9996103688959613	2_vs_1
NM_001037540	5.997223641439377	0.046308068060714656	1.6028693056450616	0.028890732324603565	0.9769517370717309	0.9996103688959613	2_vs_1
NM_000330	1.2225908549005535	3.649797104387099	4.474445843437745	0.8156981293538099	0.41467280919071337	0.9996103688959613	2_vs_1
NR_029379	11.652895598431995	-0.026521428037142827	1.289323602888575	-0.020570032207371948	0.983588646240375	0.9996103688959613	2_vs_1
NM_000292	1357.9968372271667	0.051868398433824965	0.32861030017661325	0.1578416696188404	0.8745815625992535	0.9996103688959613	2_vs_1
NM_001173454	3.198695124297453	-0.5134315173485674	2.571616250033513	-0.19965324038603208	0.8417517861477611	0.9996103688959613	2_vs_1
NR_037414	0.6986489831718474	-1.633755565786265	4.812721412614139	-0.3394660579156302	0.7342586624836122	0.9996103688959613	2_vs_1
NR_024440	0.49745994089936535	-0.03715033591432474	4.807550271493959	-0.007727498167747746	0.993834409880625	0.9996103688959613	2_vs_1
NR_023358	2.2729409345552534	1.6061304646308798	2.793693395627246	0.5749129332319834	0.5653501825868688	0.9996103688959613	2_vs_1
NM_001412	5841.448988192803	0.5462140208763677	0.3057363258560963	1.7865525771165942	0.07400983225091234	0.9996103688959613	2_vs_1
NR_046592	1.0404816690512777	-0.5801576714049786	3.7009673314177096	-0.15675838759234353	0.8754352691996868	0.9996103688959613	2_vs_1
NM_153270	5.388893975902998	-2.18250434321497	2.6323684648494727	-0.8291029057513697	0.4070461796531345	0.9996103688959613	2_vs_1
NM_206923	90.04556025647354	-0.16887341504630807	0.5063410632016636	-0.3335171237712747	0.7387439657560425	0.9996103688959613	2_vs_1
NM_015884	993.4504995317757	-0.4216483846721804	0.3090874270128649	-1.3641719067874942	0.17251346774616316	0.9996103688959613	2_vs_1
NM_004595	353.614612004329	0.06862921214207458	0.33404457907659857	0.2054492616877266	0.8372211357716142	0.9996103688959613	2_vs_1
NM_006406	2262.5095578558416	0.4262764841776585	0.40617031734755193	1.0495018123466224	0.29394722154859976	0.9996103688959613	2_vs_1
NR_027783	96.50073412347325	0.3495812983909973	0.532658626421509	0.6562951974316905	0.5116342070169235	0.9996103688959613	2_vs_1
NM_001415	18962.944052868188	0.37519460130753524	0.30638813326633507	1.2245728883415614	0.22073618812275952	0.9996103688959613	2_vs_1
NM_001178085	3.4894519558196913	-1.124323333416771	1.8550949124851726	-0.6060732126695202	0.5444661379802569	0.9996103688959613	2_vs_1
NR_046657	3.053689694373041	3.369634023908572	2.544888773080917	1.3240790951461483	0.18547677754548253	0.9996103688959613	2_vs_1
NM_139058	2.295421981321051	1.4786887485905489	2.36318058972687	0.6257197418676547	0.5314987819933801	0.9996103688959613	2_vs_1
NM_002365	0.3131848565650011	0.18569951937205179	5.670679084127837	0.03274731590645334	0.973876091469275	0.9996103688959613	2_vs_1
NM_002367	0.8682626533580008	-0.5695801567043519	4.442071826598163	-0.12822398622503794	0.897971718487217	0.9996103688959613	2_vs_1
NM_000475	0.9584908212481617	0.4123334315609313	4.415737149144297	0.09337816487578643	0.9256031366201967	0.9996103688959613	2_vs_1
NM_025159	2524.203635121618	0.5374196492969961	0.31258357202871956	1.7192830890281692	0.08556283769474284	0.9996103688959613	2_vs_1
NM_152787	1803.7897033038928	-0.4434308139557985	0.30761602697206186	-1.441507512858137	0.1494413563951069	0.9996103688959613	2_vs_1
NM_021083	2.4421634016427443	0.8510455003239965	2.491746225147793	0.3415458170398225	0.7326927191325444	0.9996103688959613	2_vs_1
NM_000397	6141.348030729646	0.32225988889634677	0.2778749873614489	1.159729747381558	0.24615885475163946	0.9996103688959613	2_vs_1
NM_006520	773.0867990634952	-0.10748955644093784	0.4996582504328703	-0.2151261514201279	0.8296689653168474	0.9996103688959613	2_vs_1
NM_001034853	7.993019717915133	-0.45017688790167815	1.4489242164203058	-0.3106973317168234	0.7560307259182285	0.9996103688959613	2_vs_1
NM_021242	309.42649384433986	0.17686620051601346	0.3592330470860849	0.4923439030753484	0.6224762486446295	0.9996103688959613	2_vs_1
NR_046706	33.9786822918661	-0.256726027881923	0.730912233909219	-0.3512405675697159	0.7254078779720232	0.9996103688959613	2_vs_1
NR_110385	0.3529710643675789	2.8758310289505564	5.230652603206942	0.5498034847864621	0.5824541682300253	0.9996103688959613	2_vs_1
NM_001123385	2.9333128640037045	0.8063484628907758	2.294834560487929	0.35137542233952124	0.7253067184786935	0.9996103688959613	2_vs_1
NR_110386	0.6676349945447498	1.5080592838895919	4.869419458703937	0.30970001592160695	0.7567890906652794	0.9996103688959613	2_vs_1
NM_005765	4074.536502905963	-0.19162289343002822	0.3258822664928798	-0.5880126448495011	0.5565238054229218	0.9996103688959613	2_vs_1
NM_001195522	0.254209863496393	-2.2394545989067383	5.249070786110481	-0.42663829278746607	0.6696428021518525	0.9996103688959613	2_vs_1
NM_004229	4642.794949079461	-0.1832384835523906	0.27149070214147514	-0.6749346556144827	0.4997172813930787	0.9996103688959613	2_vs_1
NM_001289773	31.885316176467303	-0.41948121368217745	0.7574187197783713	-0.5538300054227893	0.5796951912411891	0.9996103688959613	2_vs_1
NR_027761	0.9917796372031717	-1.459829415367148	3.5729009745418874	-0.40858378829106107	0.6828451298369976	0.9996103688959613	2_vs_1
NR_126094	50.17983341227025	-0.457105751594961	1.0044657216096093	-0.4550735199429906	0.6490563476808511	0.9996103688959613	2_vs_1
NM_022567	4.723303437143045	3.7550466538442917	2.0192863225989797	1.8595909910444262	0.06294341488568143	0.9996103688959613	2_vs_1
NM_001097579	0.3131848565650011	0.18569951937205179	5.670679084127837	0.03274731590645334	0.973876091469275	0.9996103688959613	2_vs_1
NM_080817	95.37502516673389	0.20108754288186212	0.6709920105631857	0.29968694070303864	0.7644159608348027	0.9996103688959613	2_vs_1
NR_110387	3.142951928186891	2.8629307089494636	2.542360546003659	1.1260915425428975	0.26012677350283775	0.9996103688959613	2_vs_1
NM_173794	674.7481914642842	0.10960129305354256	0.34306797126949024	0.3194739883410668	0.749367113048004	0.9996103688959613	2_vs_1
NM_176819	0.508419726992786	-3.238593754919404	5.198688220229552	-0.6229636434662746	0.5333084134991132	0.9996103688959613	2_vs_1
NR_029636	0.9590173083024376	-3.582622516464381	4.756983162224603	-0.7531291144593768	0.45137233051656067	0.9996103688959613	2_vs_1
NR_125365	0.17221901569327688	0.1857021468712428	5.670679992547694	0.032747774008635516	0.9738757261525522	0.9996103688959613	2_vs_1
NR_029635	7.1152204449560905	-0.8505205024396962	1.3861083708708837	-0.6136031787365365	0.5394775824925924	0.9996103688959613	2_vs_1
NR_015378	144.48289082790612	0.07426943352484175	0.42905705440462016	0.17309920152204822	0.8625734525711419	0.9996103688959613	2_vs_1
NM_019886	377.58273504588095	0.7579496907832993	0.4591600732389703	1.6507308343180433	0.09879354873723883	0.9996103688959613	2_vs_1
NM_006915	903.4565983348325	-0.28063069229680004	0.2858353759963571	-0.9817913241794698	0.32620266319061997	0.9996103688959613	2_vs_1
NR_046101	2.2113172875404072	-3.138405274699864	3.0201500128329015	-1.0391554265067908	0.2987324567776771	0.9996103688959613	2_vs_1
NM_019056	0.12162503870148617	1.5550309128527788	5.355826361799035	0.29034378783154585	0.7715532430081575	0.9996103688959613	2_vs_1
NM_003334	52.16156055991835	1.650007350672864	0.9623509641558532	1.7145588378146464	0.0864261409409179	0.9996103688959613	2_vs_1
NM_004651	3433.2657478827987	0.19113481599537369	0.2796029003923491	0.6835938244101413	0.4942316853990677	0.9996103688959613	2_vs_1
NM_033018	27.29090112437098	0.6795045676974448	0.7508613157165132	0.9049668074177243	0.3654829720393402	0.9996103688959613	2_vs_1
NM_001170460	5.307286192523558	0.23687093556364192	1.7160978561877485	0.13802880454022737	0.8902176526974238	0.9996103688959613	2_vs_1
NR_024616	45.38204359652784	-0.2656502693465494	0.7148046919888833	-0.3716403548043314	0.7101606389234119	0.9996103688959613	2_vs_1
NM_006201	35.97678340294388	8.629873459028436	3.711014749301592	2.325475386658748	0.020046554539758444	0.9996103688959613	2_vs_1
NM_153280	48.313705502518246	-0.13037825984497328	0.6408161245538126	-0.20345658426705954	0.838778176673111	0.9996103688959613	2_vs_1
NM_003446	4.111145915162164	1.1458253229176163	1.8228433485844255	0.6285923163981345	0.5296159918923715	0.9996103688959613	2_vs_1
NM_001256197	27.30372382758651	-0.0302817401359248	0.7727761091822318	-0.03918565775534855	0.9687423683078262	0.9996103688959613	2_vs_1
NM_001256196	0.4835119271145934	1.4193688791571133	4.874837112284753	0.291162319163497	0.7709271796177917	0.9996103688959613	2_vs_1
NR_126059	126.17765104059134	-0.00024021348885298408	0.49190792123163357	-0.0004883301904379588	0.9996103688959613	0.9996103688959613	2_vs_1
NM_001145252	0.5962211417705512	3.6508891498481475	5.195244574207606	0.7027367234977561	0.48221983725028317	0.9996103688959613	2_vs_1
NM_003254	2762.0115292255905	-0.4001623135384678	0.45481020700423885	-0.87984461952662	0.3789434892524215	0.9996103688959613	2_vs_1
NR_045560	4.351608420428787	-1.1553438032030463	1.715496630302709	-0.673474831016823	0.5006452557964792	0.9996103688959613	2_vs_1
NM_002621	1.228871252971947	0.08247868771528566	3.042483698605164	0.02710899905662543	0.9783727971904066	0.9996103688959613	2_vs_1
NR_028119	3.5141025353050743	0.047356652703647584	1.9848673571228133	0.023858850080689498	0.9809651978093685	0.9996103688959613	2_vs_1
NR_046742	1.0577785091736234	-0.1742374543134519	4.287483667474053	-0.040638628115428586	0.9675839887967677	0.9996103688959613	2_vs_1
NM_021014	0.6263697131300022	0.1856930736076683	5.670676855613464	0.03274619209236879	0.9738769876625372	0.9996103688959613	2_vs_1
NM_177439	1.0906928549785653	0.8608594899159442	4.10528991248929	0.20969517580159205	0.8339055909813112	0.9996103688959613	2_vs_1
NM_033518	2761.4673333993783	0.6512943608679519	0.277585846911155	2.346280864515428	0.018961812702259325	0.9996103688959613	2_vs_1
NM_002536	1322.1705323377475	-0.26928234613268326	0.3541568083680383	-0.7603477888044614	0.4470467233981371	0.9996103688959613	2_vs_1
NM_001282167	24.704557370259078	-0.06061854277847003	0.8064462592404652	-0.07516749204784254	0.9400814487453499	0.9996103688959613	2_vs_1
NM_006579	3754.057752901246	0.08020948854535682	0.34832251095381717	0.23027362867165227	0.8178791512878412	0.9996103688959613	2_vs_1
NM_006743	16750.424758065594	-0.49032502471698153	0.3692473232741276	-1.3279040735333005	0.18420979885089162	0.9996103688959613	2_vs_1
NM_001166426	48.69532982112046	0.408555735425719	0.6802688833220367	0.600579778734801	0.5481199096434051	0.9996103688959613	2_vs_1
NM_003173	1.1785464515218982	1.8030413033174015	4.623495276550141	0.38997364449840116	0.6965560357453315	0.9996103688959613	2_vs_1
NM_000377	4516.915113192091	0.33044472336336245	0.34121600623453396	0.9684326565156269	0.33282833665914946	0.9996103688959613	2_vs_1
NM_006044	2292.3158055436393	0.1452939955795828	0.2743909220416687	0.5295145863372208	0.5964485285695682	0.9996103688959613	2_vs_1
NM_013271	0.873894627937922	3.467521169066929	5.202010655581516	0.666573253814165	0.5050447580509684	0.9996103688959613	2_vs_1
NM_181532	0.37583490219787924	-0.8701376875658842	4.9072409391353675	-0.1773170908781989	0.8592593269252651	0.9996103688959613	2_vs_1
NM_002049	1.4503187875676058	-1.2897620857763579	3.109062171870631	-0.4148395929311205	0.67825933333282	0.9996103688959613	2_vs_1
NM_005710	3.010627828761285	-0.04948846469078266	2.0307319180639145	-0.02436976749642297	0.9805576632038318	0.9996103688959613	2_vs_1
NM_001167947	21.44566680175483	-0.0629884204650428	0.8413306794681112	-0.0748676138909662	0.9403200445855743	0.9996103688959613	2_vs_1
NM_001136159	57.63201327021546	0.07565009075435648	0.5935858521905967	0.12744591279454168	0.8985874793256082	0.9996103688959613	2_vs_1
NM_004979	99.58962822263554	-0.4809025428031563	0.4912047705554838	-0.9790266129934425	0.327566830125432	0.9996103688959613	2_vs_1
NM_001282651	1.2543705167763821	-0.6143415064346336	3.595003168480763	-0.1708876119556391	0.8643121376077084	0.9996103688959613	2_vs_1
NM_006875	7529.064737932061	0.6328861828995712	0.27935007967264736	2.265566502222625	0.023477937992602435	0.9996103688959613	2_vs_1
NM_017602	0.38270676419551514	-0.905119926623533	4.9046691264556666	-0.1845425049655925	0.8535878855689761	0.9996103688959613	2_vs_1
NM_020137	3120.5953442460864	0.03419935483317357	0.3095433233833732	0.11048325791481295	0.9120261268285969	0.9996103688959613	2_vs_1
NM_007075	4.146404751846922	0.8878104113537691	1.943219816954388	0.4568759558788547	0.647760207045402	0.9996103688959613	2_vs_1
NM_001029896	7.37073741460718	3.1410181059118862	1.7099878004434996	1.836865798163728	0.06622970945760075	0.9996103688959613	2_vs_1
NM_007213	361.10683580563733	0.34506803868457414	0.4098610402027809	0.8419147097119792	0.39983569600741486	0.9996103688959613	2_vs_1
NM_015698	1233.4703145711385	0.06923410173599717	0.27999824556853176	0.24726619838427377	0.8047022164665439	0.9996103688959613	2_vs_1
NM_001271836	3.2416643611492764	3.268271588617889	2.9777053449112807	1.097580589766267	0.2723876724090989	0.9996103688959613	2_vs_1
NM_003179	48.744075918135174	1.24582218034358	0.6585838839028688	1.891668185016383	0.0585352048250209	0.9996103688959613	2_vs_1
NM_001307979	0.4896703887487906	1.8271691829777785	5.320311645563912	0.3434327356558664	0.7312729359084069	0.9996103688959613	2_vs_1
NM_006150	4.025035108303057	5.796371453419408	3.7354454721731125	1.551721607663394	0.12072885022007804	0.9996103688959613	2_vs_1
NM_002668	2589.548321358127	0.06602104670478305	0.3125954234739352	0.21120285758210408	0.8327289810207466	0.9996103688959613	2_vs_1
NM_024859	2.15512623237365	-1.7512205949625053	2.5159056395881896	-0.6960597279193468	0.4863914256814257	0.9996103688959613	2_vs_1
NM_014008	1320.867481936747	0.33812336625459677	0.3112047643522986	1.0864980391875527	0.277258707953829	0.9996103688959613	2_vs_1
NR_046649	0.49745994089936535	-0.03715033591432474	4.807550271493959	-0.007727498167747746	0.993834409880625	0.9996103688959613	2_vs_1
NM_001098413	0.254209863496393	-2.2394545989067383	5.249070786110481	-0.42663829278746607	0.6696428021518525	0.9996103688959613	2_vs_1
NR_026742	46.21923650777819	0.2708385856090387	0.6243951870761381	0.43376148826081984	0.6644616503934306	0.9996103688959613	2_vs_1
NM_007003	0.3529710643675789	2.8758310289505564	5.230652603206942	0.5498034847864621	0.5824541682300253	0.9996103688959613	2_vs_1
NM_001145073	112.57308574805012	-0.4155983903505785	0.43305831348157053	-0.9596822816063199	0.3372151433912721	0.9996103688959613	2_vs_1
NM_018159	1.2850972045436586	3.6495792657661688	4.373371306620157	0.8345002081670143	0.40399917010263275	0.9996103688959613	2_vs_1
NM_018094	992.909105037545	0.15693677804505973	0.2932565344773473	0.5351518537336544	0.5925448559247489	0.9996103688959613	2_vs_1
NM_001005333	1.1115127307609731	0.20619724588771157	3.449227433895076	0.05978070447354096	0.9523302936870156	0.9996103688959613	2_vs_1
NM_001005332	4.400188515839697	-0.6989994305676855	1.7130041975473385	-0.40805470971320773	0.6832335094690042	0.9996103688959613	2_vs_1
NM_018969	1.9548675842407814	0.9901171283224843	3.228865285140082	0.3066455367088902	0.7591131890518873	0.9996103688959613	2_vs_1
NR_106955	0.7479947518314884	1.5550135074968066	5.3558201673011405	0.29034087383863666	0.7715554720762162	0.9996103688959613	2_vs_1
NR_106954	0.508419726992786	-3.238593754919404	5.198688220229552	-0.6229636434662746	0.5333084134991132	0.9996103688959613	2_vs_1
NR_110456	62.94914480730299	-0.1550319222673464	0.5427932987646931	-0.2856187108797643	0.7751701709878396	0.9996103688959613	2_vs_1
NM_001243197	3.918395506249746	-1.6960067612543055	2.050867024993384	-0.8269706132018855	0.40825371800268495	0.9996103688959613	2_vs_1
NM_004493	1.5898927241174075	0.5586791929577608	3.283275825292873	0.17015907973797048	0.864885031986471	0.9996103688959613	2_vs_1
NM_001281463	5.639902434405812	-0.3104048086150302	1.5076800588805113	-0.20588241304027943	0.8368827635176742	0.9996103688959613	2_vs_1
NM_144968	0.5221634509880579	-3.2752422268017605	5.197416651266608	-0.6301673401541871	0.5285851050372238	0.9996103688959613	2_vs_1
NR_029513	0.37583490219787924	-0.8701376875658842	4.9072409391353675	-0.1773170908781989	0.8592593269252651	0.9996103688959613	2_vs_1
NM_198456	49.74073137982426	0.19029944015475256	0.6176233106290435	0.308115702370324	0.7579942933343182	0.9996103688959613	2_vs_1
NM_058163	2213.254844736344	0.325737301100885	0.2935610424114154	1.1096067053896606	0.2671685405472649	0.9996103688959613	2_vs_1
NM_004463	128.29017082996617	0.4273934868763655	0.4593687152451198	0.930393108395089	0.3521675854642202	0.9996103688959613	2_vs_1
NM_001184819	12.764406965250073	-0.24991710297319533	1.0806959693498974	-0.2312557000869868	0.817116160105823	0.9996103688959613	2_vs_1
NM_014599	1.6460015170515854	1.1610483103286755	3.3928177905353123	0.3422076816407778	0.7321946047272713	0.9996103688959613	2_vs_1
NM_177433	2.1325015807378054	0.11855832222491204	2.46964559317285	0.04800620888788967	0.9617112943371218	0.9996103688959613	2_vs_1
NR_002953	1.5115769288785614	-0.041315287837910525	3.71673166563355	-0.011116026540180153	0.9911308767002411	0.9996103688959613	2_vs_1
NM_201222	24.989159716127592	-0.24757132899917636	0.7992305759024756	-0.3097620842641357	0.7567418866923008	0.9996103688959613	2_vs_1
NM_000032	0.13054086274701449	-1.2707266181228496	5.344242256148473	-0.23777489066123403	0.8120556945547094	0.9996103688959613	2_vs_1
NM_001037968	0.26108172549402897	-2.274438402724985	5.24666637174921	-0.4335016259032113	0.6646503851412191	0.9996103688959613	2_vs_1
NM_001271805	1.1557962292143589	0.10687509636934472	3.589431237326028	0.029774939064987377	0.9762465456319849	0.9996103688959613	2_vs_1
NM_001271184	0.38475072624340756	-2.8359672080127645	5.214979777981091	-0.543811736334416	0.586571031709164	0.9996103688959613	2_vs_1
NM_014481	132.42437225173583	-0.09787762502391215	0.43932714822797225	-0.2227898399147467	0.8236990758638661	0.9996103688959613	2_vs_1
NM_001166703	1.0503801601217115	3.886030081759038	5.187712004624194	0.7490836188082781	0.4538068077389422	0.9996103688959613	2_vs_1
NM_001015038	1.010707567841895	-0.7984415814702763	4.136259050893188	-0.1930347136497314	0.8469317817726512	0.9996103688959613	2_vs_1
NM_001190708	1.9205264377089621	0.6240650879706242	2.781836925404999	0.22433561157786722	0.822496168234358	0.9996103688959613	2_vs_1
NR_130179	0.13054086274701449	-1.2707266181228496	5.344242256148473	-0.23777489066123403	0.8120556945547094	0.9996103688959613	2_vs_1
NM_201286	142.8990421836625	0.13266512182778373	0.487827009469041	0.2719511614827942	0.7856595719435079	0.9996103688959613	2_vs_1
NM_014061	707.7918135423469	0.4179237158822773	0.3024494816836745	1.381796766705571	0.16703411211147656	0.9996103688959613	2_vs_1
NM_016656	2.5566473116851274	-0.7640529190224136	2.1787841059111575	-0.3506785812093531	0.7258294960619787	0.9996103688959613	2_vs_1
NM_007250	32.11731932525852	-0.545667284532412	0.8222174282688667	-0.6636532695266315	0.5069122547288502	0.9996103688959613	2_vs_1
NM_013444	2331.5718371321786	0.21435990801391033	0.3128914180618343	0.6850936000154151	0.4932848585653541	0.9996103688959613	2_vs_1
NR_002308	187.17084749370215	0.438591506991596	0.3777593335613917	1.1610342035938555	0.24562799012689174	0.9996103688959613	2_vs_1
NM_001010862	467.5441591019494	-0.10311760071131978	0.32010404643436907	-0.32213776070607086	0.747348332827027	0.9996103688959613	2_vs_1
NR_027139	91.45920172154064	0.11138351783028139	0.5611062679315119	0.19850699269657196	0.8426484142337368	0.9996103688959613	2_vs_1
NM_019003	0.6389605897398005	-3.56780775928973	5.188335845554705	-0.6876593700746221	0.4916673115490272	0.9996103688959613	2_vs_1
NM_007157	567.2173981191049	0.04847282530562144	0.32232822583203663	0.15038343347219102	0.8804621108071706	0.9996103688959613	2_vs_1
NM_007156	174.05896826801907	-0.22694667714473515	0.43058956148774286	-0.527060331793936	0.5981516925964986	0.9996103688959613	2_vs_1
NM_001012968	855.7093369091182	0.025881993859875697	0.3040333348461752	0.08512880297474822	0.9321589919531391	0.9996103688959613	2_vs_1
NR_046803	0.38475072624340756	-2.8359672080127645	5.214979777981091	-0.543811736334416	0.586571031709164	0.9996103688959613	2_vs_1
NM_152424	1072.8630976421434	-0.18602857193184566	0.2836671993904607	-0.6557986694675335	0.5119536726350505	0.9996103688959613	2_vs_1
NM_031206	3.8182808935578088	-0.11174468168635444	1.7782745711681036	-0.06283882337301387	0.9498948503616356	0.9996103688959613	2_vs_1
NM_001010888	52.53177572413495	-0.31884816315896125	0.6169062305170059	-0.5168502884007941	0.6052606720484884	0.9996103688959613	2_vs_1
NR_033742	1.0252553664673445	0.6922076927626382	3.7592055055785267	0.18413669902734145	0.8539062170258066	0.9996103688959613	2_vs_1
NM_002444	52116.2138564219	-0.09842400268096688	0.33798381694444396	-0.2912092169701288	0.7708913137896816	0.9996103688959613	2_vs_1
NR_029637	10.245852899927295	0.8735844939040179	1.4807878111203436	0.5899457622109111	0.5552270125343497	0.9996103688959613	2_vs_1
NM_021783	0.8024423737822769	1.0590090954385523	4.5976921808679885	0.23033492756329416	0.8178315218801627	0.9996103688959613	2_vs_1
NM_001199687	0.8134021598756976	-0.7957429652810779	3.9851121247426424	-0.19967894010823264	0.8417316854293544	0.9996103688959613	2_vs_1
NM_001242310	6.1044443952657375	-1.447013640966372	1.602846363931518	-0.9027775047741233	0.3666439923992175	0.9996103688959613	2_vs_1
NM_173834	22.59630763196958	0.11193072508507011	0.8321196261300732	0.1345127810596473	0.8929971051126023	0.9996103688959613	2_vs_1
NM_004429	65.34900228617714	1.4241607154495126	0.7215130345046133	1.973853066185191	0.04839845278729814	0.9996103688959613	2_vs_1
NM_015686	0.729750232208917	3.9550829111836663	5.185727258766382	0.7626862566861123	0.44565052875030275	0.9996103688959613	2_vs_1
NM_001002254	0.254209863496393	-2.2394545989067383	5.249070786110481	-0.42663829278746607	0.6696428021518525	0.9996103688959613	2_vs_1
NM_001551	4098.676481713689	0.07648889662154403	0.3151191327512556	0.24273009370688317	0.8082144930934548	0.9996103688959613	2_vs_1
NM_198512	9.126048963446769	0.48863041455127654	1.4347577907940436	0.3405664828492424	0.7334299653423821	0.9996103688959613	2_vs_1
NM_001013579	0.7329204661517629	3.149639530532999	5.215959356374468	0.6038466397717991	0.5459456078779958	0.9996103688959613	2_vs_1
NM_016484	1384.27810114701	0.1186394272214452	0.2925957288275583	0.4054721772489219	0.68513046577746	0.9996103688959613	2_vs_1
NM_002565	1.8823713204227621	-0.6275284293631012	3.0352619066364332	-0.20674605640819488	0.8362081865695613	0.9996103688959613	2_vs_1
NM_004312	12.905404802943721	-0.901901503505327	1.1646830872824518	-0.7743750324474347	0.43870904404704414	0.9996103688959613	2_vs_1
NM_001032726	5.8819043034766345	0.41599218310121194	1.521230534450562	0.27345768683998967	0.7845014141662652	0.9996103688959613	2_vs_1
NR_046586	0.9878437300115946	0.6049553346254433	4.203867615384623	0.1439044684498454	0.885575907105251	0.9996103688959613	2_vs_1
NM_020730	1.2893637210341713	4.021449747560932	4.339725732383151	0.9266598848753884	0.35410315170519613	0.9996103688959613	2_vs_1
NR_109801	2.7129266244310326	-0.426783919950556	2.1313075074413144	-0.20024511641819356	0.8412888838535506	0.9996103688959613	2_vs_1
NM_001166278	3.6045092955899634	1.3177974622599107	1.8990798928806845	0.693913651131846	0.48773636207927307	0.9996103688959613	2_vs_1
NM_021120	0.254209863496393	-2.2394545989067383	5.249070786110481	-0.42663829278746607	0.6696428021518525	0.9996103688959613	2_vs_1
NM_000206	13561.518839356766	-0.17025830864021274	0.28254354241526763	-0.6025913994876444	0.5467805432370005	0.9996103688959613	2_vs_1
NM_181303	0.25216590144850065	0.09858869458804254	5.008909286092474	0.019682667214952314	0.9842965176611627	0.9996103688959613	2_vs_1
NM_005938	7.630754945495191	0.7012942528260778	1.3902896856587987	0.504423114161107	0.613964078680258	0.9996103688959613	2_vs_1
NM_005120	3652.31199685665	-0.31407462867557046	0.3271810367886593	-0.959941418849544	0.3370846989927264	0.9996103688959613	2_vs_1
NM_001025265	0.25216590144850065	0.09858869458804254	5.008909286092474	0.019682667214952314	0.9842965176611627	0.9996103688959613	2_vs_1
NM_201599	10.77318562571976	-0.5495818608062893	1.1782390387826114	-0.46644343186432885	0.6408981295482095	0.9996103688959613	2_vs_1
NM_001145408	21.654966411739213	0.005880420801867752	0.8608968100073037	0.006830575666574795	0.9945500315139261	0.9996103688959613	2_vs_1
NM_001171163	6.731230705281479	0.17743190625330849	1.5069001698784408	0.11774629122752148	0.9062686867774513	0.9996103688959613	2_vs_1
NM_001171162	13.284192522154262	0.22508235821857306	1.048653385425885	0.21463942361389632	0.8300484546083834	0.9996103688959613	2_vs_1
NR_104396	0.34443803138655377	0.18569776745135688	5.670678478428821	0.03274701046052047	0.9738763350492293	0.9996103688959613	2_vs_1
NR_002226	1.166042614944341	-3.238992034370191	4.553375506092798	-0.7113386607443529	0.4768743997380711	0.9996103688959613	2_vs_1
NM_052957	104.23875139734612	0.2625027091084503	0.45545148161351234	0.5763571306838019	0.5643738143629861	0.9996103688959613	2_vs_1
NM_001142797	25.803089753605118	-0.4021731540893686	1.2497400369245748	-0.3218054492989255	0.7476000857868796	0.9996103688959613	2_vs_1
NR_002309	58.69103834247434	0.3051189736431025	0.7921542741696957	0.38517620063707403	0.700106874765628	0.9996103688959613	2_vs_1
NM_207422	205.75640323421484	0.22441169081781911	0.5241723489736989	0.4281257705737531	0.6685595553857808	0.9996103688959613	2_vs_1
NM_001024455	47.549554966982384	0.39572605815086964	0.9144354061206401	0.4327545231758689	0.6651931148160319	0.9996103688959613	2_vs_1
NM_001007	86198.73156293179	0.6672190389943465	0.4064244915439191	1.6416801961410474	0.10065629792890136	0.9996103688959613	2_vs_1
NM_001166420	0.6097862733710953	-0.6329638624047853	4.865864998114575	-0.1300824956405585	0.8965011588955573	0.9996103688959613	2_vs_1
NR_027291	9.534261850065663	-6.054869347095703	2.3209229131570424	-2.608819669438977	0.009085510713951793	0.9996103688959613	2_vs_1
NM_021963	227.55259870514888	-0.23050973919011125	0.4613574352296711	-0.49963373642251985	0.6173329984744305	0.9996103688959613	2_vs_1
NR_001564	1842.6429419595977	9.598405844980164	3.532775416542635	2.7169589666058314	0.006588477542782806	0.9996103688959613	2_vs_1
NR_030398	2.9184122636610383	0.15385953220330675	3.1223171398616296	0.049277355666095236	0.960698265150723	0.9996103688959613	2_vs_1
NM_001307944	0.254209863496393	-2.2394545989067383	5.249070786110481	-0.42663829278746607	0.6696428021518525	0.9996103688959613	2_vs_1
NR_030737	33.091637332404765	0.11900925606231232	0.7547193406243559	0.15768677130211034	0.8747036250435517	0.9996103688959613	2_vs_1
NM_001300888	1.155413438149856	1.7764541220708527	3.9311161363039564	0.45189560940854795	0.6513441875963903	0.9996103688959613	2_vs_1
NM_016500	46.08108252580977	-0.2254991269300131	0.7394595296734204	-0.3049512757372996	0.7604032621050179	0.9996103688959613	2_vs_1
NM_020932	115.75138130132224	-0.17738789146068723	0.7349112274032474	-0.24137322284144955	0.8092658643670961	0.9996103688959613	2_vs_1
NM_003868	0.6263697131300022	0.1856930736076683	5.670676855613464	0.03274619209236879	0.9738769876625372	0.9996103688959613	2_vs_1
NM_001866	5389.255141629098	0.14210083982842994	0.31349045427829486	0.45328601840706373	0.6503427993253482	0.9996103688959613	2_vs_1
NM_001029891	7198.728728316216	-0.48970641663839576	0.3322096014927692	-1.4740886911092321	0.14045771298962448	0.9996103688959613	2_vs_1
NM_015975	1376.6935568085228	0.2777629547312739	0.42563795549046224	0.6525803236020338	0.5140268740150887	0.9996103688959613	2_vs_1
NM_001282188	0.3131848565650011	0.18569951937205179	5.670679084127837	0.03274731590645334	0.973876091469275	0.9996103688959613	2_vs_1
NM_005296	1.4721212392551941	-3.8603508266507247	4.732512578197839	-0.8157085190718633	0.41466686544599207	0.9996103688959613	2_vs_1
NM_152694	5.973337371259831	-1.9391856712389972	1.7554675070657444	-1.104654836067195	0.2693091803389758	0.9996103688959613	2_vs_1
NM_014499	87.01779083181049	-0.2790456733813213	0.47427578558250993	-0.5883616281160018	0.5562895878307558	0.9996103688959613	2_vs_1
NM_032553	390.9784874572005	-0.24628565632973926	0.33009687630593926	-0.746101141840184	0.455606319623567	0.9996103688959613	2_vs_1
NM_004867	106.13135980239734	-0.3718398662693673	0.5043896600019261	-0.7372075515345564	0.4609961418722226	0.9996103688959613	2_vs_1
NR_110646	0.6527043137350724	-3.5973377897152443	5.18751668874281	-0.6934604755145484	0.48802062156368387	0.9996103688959613	2_vs_1
NM_001012980	0.6785947806381706	-1.4650647567241304	4.447403474828104	-0.32942024824513055	0.7418380652117562	0.9996103688959613	2_vs_1
NM_021998	242.40958348974038	0.27302401704390905	0.411860448271853	0.6629041904594262	0.5073919177600645	0.9996103688959613	2_vs_1
NM_004538	8.423372125993437	1.082206784531369	1.2636469406494057	0.8564154667879049	0.39176801250732973	0.9996103688959613	2_vs_1
NM_013347	7.589111688953884	1.144564197578743	1.3200370310332836	0.8670697644616939	0.3859037858843516	0.9996103688959613	2_vs_1
NR_125391	3.264389833201484	-2.3276187789019063	2.4041663320484354	-0.9681604587311113	0.3329642392637331	0.9996103688959613	2_vs_1
NM_001306206	1.643957555003693	1.7120703172612701	2.968184909255303	0.576807163166535	0.5640697300769557	0.9996103688959613	2_vs_1
NR_103709	0.24325007740297233	2.3880319425349685	5.264634296700489	0.45359882718380323	0.6501175977941263	0.9996103688959613	2_vs_1
NM_001167972	0.17648553218378946	1.8271796735912864	5.3203155705020135	0.34343445409928525	0.731271643310309	0.9996103688959613	2_vs_1
NM_024917	15.906703974266243	-0.45281214256872326	0.998237080700874	-0.4536118236068716	0.6501082419244169	0.9996103688959613	2_vs_1
NM_006733	877.5131518595473	-0.2884398346534271	0.31664940246669115	-0.9109122973436483	0.36234158570651653	0.9996103688959613	2_vs_1
NM_001939	0.13054086274701449	-1.2707266181228496	5.344242256148473	-0.23777489066123403	0.8120556945547094	0.9996103688959613	2_vs_1
NM_001287344	2.7939028995070436	5.057111564785058	4.0267898926398695	1.2558667572967739	0.20916428288947664	0.9996103688959613	2_vs_1
NM_001287345	0.5876881087895262	2.3880195788099425	5.26462969242564	0.45359687543563587	0.650119002824062	0.9996103688959613	2_vs_1
NM_000169	1038.3697566911137	0.28951984714190493	0.31199462458825655	0.9279642158065644	0.35342613204684503	0.9996103688959613	2_vs_1
NM_004085	488.2566865094973	0.3092391448588229	0.354240075809203	0.8729648788393495	0.38268222122146356	0.9996103688959613	2_vs_1
NM_021029	23.43107929219008	0.6889649401459345	0.8738317796352921	0.7884411579005346	0.4304387043149229	0.9996103688959613	2_vs_1
NM_001145951	26.722851302899418	-0.003919660817557752	0.810519649960985	-0.004835984936017809	0.9961414573230777	0.9996103688959613	2_vs_1
NM_001199972	205.47299791250384	-0.07196878659656741	0.44166412867243837	-0.16294913243892464	0.8705584856735278	0.9996103688959613	2_vs_1
NM_001256155	150.38784017878132	-1.1544242232227495	0.5963079408844948	-1.9359531276917243	0.05287344196591331	0.9996103688959613	2_vs_1
NM_016608	99.54124726671405	-0.5606743137864516	0.9258039846815832	-0.6056080153719444	0.5447750785193652	0.9996103688959613	2_vs_1
NR_045863	0.508419726992786	-3.238593754919404	5.198688220229552	-0.6229636434662746	0.5333084134991132	0.9996103688959613	2_vs_1
NM_177948	7.689251999040592	-0.417239497424618	1.3379055401311104	-0.31186020605291004	0.7551467662338817	0.9996103688959613	2_vs_1
NM_177949	0.2981105708852756	2.648768372145266	5.245084286396694	0.5050001539565222	0.6135587278442398	0.9996103688959613	2_vs_1
NM_014782	0.42865143363229014	1.1923207695946216	4.8903180267748905	0.2438125216124121	0.8073760220939158	0.9996103688959613	2_vs_1
NM_001011657	0.13054086274701449	-1.2707266181228496	5.344242256148473	-0.23777489066123403	0.8120556945547094	0.9996103688959613	2_vs_1
NM_001282400	0.6159447350052925	-1.2707517776587147	5.3442388926014335	-0.237779748098077	0.8120519269082667	0.9996103688959613	2_vs_1
NM_080390	18.713715489067962	0.9861086308688489	1.2127532578035711	0.8131156313319656	0.4161517651803245	0.9996103688959613	2_vs_1
NM_001012978	4.244709863867203	0.5332664135629116	1.7113145873909987	0.31161214746372734	0.755335301275739	0.9996103688959613	2_vs_1
NM_001006938	2.731366469396926	1.90903709370695	2.6988389257762417	0.7073549575241403	0.47934592065021386	0.9996103688959613	2_vs_1
NM_021992	2.0029433850156964	4.792337849897263	3.821157078026797	1.254158819446379	0.2097842845486314	0.9996103688959613	2_vs_1
NM_001184727	0.12162503870148617	1.5550309128527788	5.355826361799035	0.29034378783154585	0.7715532430081575	0.9996103688959613	2_vs_1
NR_038988	60.98370864576112	-0.8749749199982924	0.5436174572963254	-1.6095416147045187	0.10749796310685766	0.9996103688959613	2_vs_1
NM_001031834	2.6622190319164805	1.556537803477199	2.4545342747471643	0.6341479194204914	0.5259842923465166	0.9996103688959613	2_vs_1
NM_018476	2.608924743198313	0.08371604598265782	3.4067657460941985	0.02457346710105821	0.9803951830932409	0.9996103688959613	2_vs_1
NM_153333	0.49745994089936535	-0.03715033591432474	4.807550271493959	-0.007727498167747746	0.993834409880625	0.9996103688959613	2_vs_1
NM_001080425	4.121192697782583	-1.3546834227151612	2.3463133823920477	-0.57736678863165	0.5636917045604005	0.9996103688959613	2_vs_1
NM_001012979	0.13054086274701449	-1.2707266181228496	5.344242256148473	-0.23777489066123403	0.8120556945547094	0.9996103688959613	2_vs_1
NM_152278	1.63089224384718	-1.8947112237822858	3.4677211845608804	-0.5463851108382044	0.5848012426181994	0.9996103688959613	2_vs_1
NM_014380	0.8573028672645803	1.1906490388071502	4.455479401810577	0.26723253132385827	0.7892901302581703	0.9996103688959613	2_vs_1
NM_080879	17.927031897154542	-0.6383695221848172	0.9161531044574335	-0.6967934934443889	0.48593203860741707	0.9996103688959613	2_vs_1
NM_001305840	13.714853021429485	-0.048747006238748315	1.0711500342852216	-0.0455090367161097	0.9637015721049614	0.9996103688959613	2_vs_1
NM_001006640	0.8634613288987775	1.6960179661335397	4.116159571456887	0.41203892528715685	0.6803108927575144	0.9996103688959613	2_vs_1
NM_001006933	0.254209863496393	-2.2394545989067383	5.249070786110481	-0.42663829278746607	0.6696428021518525	0.9996103688959613	2_vs_1
NM_001300901	0.6471979098268451	-1.2707537383122234	5.344238630489226	-0.2377801266325368	0.8120516333001006	0.9996103688959613	2_vs_1
NM_182541	1.0377243066399466	0.2178737392268155	3.4592632558798786	0.06298269981519472	0.949780280514533	0.9996103688959613	2_vs_1
NM_001128834	0.38475072624340756	-2.8359672080127645	5.214979777981091	-0.543811736334416	0.586571031709164	0.9996103688959613	2_vs_1
NR_038978	37.648921542400785	0.2940259526398227	0.7561482973345388	0.3888469413688811	0.6973893738744597	0.9996103688959613	2_vs_1
NM_016370	66.92465990854045	0.31273800027267173	0.673456553229841	0.46437739565055325	0.6423773821780617	0.9996103688959613	2_vs_1
NM_194324	15.561782782925384	-0.2785084683609779	1.7748096668954265	-0.15692300619939542	0.8753055281588722	0.9996103688959613	2_vs_1
NM_001002916	0.8364829914821722	2.429588480569984	4.828738440686323	0.503151808782722	0.6148575437164129	0.9996103688959613	2_vs_1
NM_001143978	14.498333446263835	0.2586009345630974	1.0379840142174732	0.2491376851868517	0.8032542797267731	0.9996103688959613	2_vs_1
NR_039980	82.93908200818888	-0.06353694679057774	0.5401123454847871	-0.11763653862336558	0.906355652303867	0.9996103688959613	2_vs_1
NM_207318	2223.184516822062	-0.2860589291303446	0.3102495794417902	-0.922028418684821	0.35651375236182614	0.9996103688959613	2_vs_1
NM_001012755	303.26457706273555	0.513245028212404	0.38387830512849536	1.3369993077379192	0.18122286280346667	0.9996103688959613	2_vs_1
NR_039765	2.3905950785404833	-0.7561297984076711	2.7755051154859247	-0.2724296180139776	0.7852917017292808	0.9996103688959613	2_vs_1
NM_018015	27.698425384350514	-0.3932797595148813	0.782741905539468	-0.5024386157578107	0.6153590214589968	0.9996103688959613	2_vs_1
NM_017681	4.741438936803068	0.44755100443798096	2.2393735676896287	0.19985544658353777	0.8415936358704309	0.9996103688959613	2_vs_1
NM_032428	5.163504075182079	6.4586688562287184	3.024310606626554	2.135583839198645	0.032713349833940364	0.9996103688959613	2_vs_1
NM_002764	683.1236433922837	-0.20098158469805558	0.31816554989089985	-0.6316887066087856	0.5275903090310219	0.9996103688959613	2_vs_1
NM_004089	177.39112763029763	0.7876207575577996	0.5466091559085717	1.4409212671321234	0.1496069270850464	0.9996103688959613	2_vs_1
NM_001015881	3.3357817139351327	2.1059379637415097	2.026468704645096	1.0392156360047669	0.29870446011041496	0.9996103688959613	2_vs_1
NM_031273	0.49745994089936535	-0.03715033591432474	4.807550271493959	-0.007727498167747746	0.993834409880625	0.9996103688959613	2_vs_1
NM_002814	8.761268722441839	0.2977719419699748	1.419780336951923	0.20973099445034646	0.8338776334245279	0.9996103688959613	2_vs_1
NM_003604	0.254209863496393	-2.2394545989067383	5.249070786110481	-0.42663829278746607	0.6696428021518525	0.9996103688959613	2_vs_1
NR_106735	5.621937930938187	6.591996194658776	3.5068432000801213	1.8797521926581056	0.06014185874227538	0.9996103688959613	2_vs_1
NM_001242618	1.3655705773531583	-0.45281202069185295	3.038910344674602	-0.14900473174056036	0.8815498992601496	0.9996103688959613	2_vs_1
NM_001242617	1.9180430286390349	-0.20005195505155224	2.743695513437497	-0.07291332222244767	0.9418750925622839	0.9996103688959613	2_vs_1
NM_012282	23.92897399343154	1.4419604531537016	0.8678772361558866	1.6614797497634781	0.09661713264773043	0.9996103688959613	2_vs_1
NM_020769	15.479499215463909	-1.7246305850932642	1.218425185754142	-1.4154587456478154	0.15693403593694483	0.9996103688959613	2_vs_1
NR_002718	0.6263697131300022	0.1856930736076683	5.670676855613464	0.03274619209236879	0.9738769876625372	0.9996103688959613	2_vs_1
NM_014289	0.8874514386240312	-2.274454047462832	5.246665309199692	-0.4335046955396073	0.664648155578962	0.9996103688959613	2_vs_1
NR_033974	0.254209863496393	-2.2394545989067383	5.249070786110481	-0.42663829278746607	0.6696428021518525	0.9996103688959613	2_vs_1
NM_001257239	1.1592056493516598	2.6470569692151544	4.603547258446033	0.5750037570177331	0.5652887560887991	0.9996103688959613	2_vs_1
NM_178175	83.13167166561612	-0.6791104382166885	0.6241341817250987	-1.088084034012744	0.2765580114073438	0.9996103688959613	2_vs_1
NM_001113490	60.288280265480694	-1.2241473510435341	0.807822749243484	-1.5153662758197055	0.12967967288355337	0.9996103688959613	2_vs_1
NM_133265	32.36225274333024	-1.674355257422788	0.815251403451801	-2.053790095096449	0.039996012018651404	0.9996103688959613	2_vs_1
NR_130730	6.9881330454369595	-0.27612730763887394	1.8484289733985912	-0.14938486228722972	0.88124995584661	0.9996103688959613	2_vs_1
NM_000686	7.553971245591548	0.1855645091733659	1.3445641075913335	0.13801090489154	0.890231799165591	0.9996103688959613	2_vs_1
NM_007231	0.7832451764820868	-3.860484844493475	5.1809073383109085	-0.7451368249624166	0.4561890092945846	0.9996103688959613	2_vs_1
NM_006667	95.13454042734558	0.03408341472926858	0.467645497615098	0.0728830169499919	0.9418992085082868	0.9996103688959613	2_vs_1
NR_110396	0.8890825291404089	-1.3756874745619596	4.370030762365394	-0.31480040973838197	0.7529132006137846	0.9996103688959613	2_vs_1
NM_001152	20782.97746017227	0.16053011103459158	0.3017822020603905	0.531940286533092	0.594767353678976	0.9996103688959613	2_vs_1
NR_028443	49.7936983294283	0.4395069733300348	0.6712432797206235	0.6547655471693675	0.5126187159372362	0.9996103688959613	2_vs_1
NR_030413	0.9062357643927065	4.262385942491039	5.17793136304704	0.8231831678786038	0.41040383929058155	0.9996103688959613	2_vs_1
NM_001173488	7.563981988241848	-0.02055488463468483	1.3479230377283566	-0.015249301376528001	0.9878332894140306	0.9996103688959613	2_vs_1
NM_001173487	1.4356573734193951	-1.1667236677749782	3.3254657066936946	-0.3508451960357094	0.7257044882270717	0.9996103688959613	2_vs_1
NM_001170569	0.5564349339679735	2.388021034255944	5.264630369080166	0.4535970935929502	0.6501188457763019	0.9996103688959613	2_vs_1
NM_001000	11794.07465815119	0.34222535820796934	0.2684223076974174	1.2749512555184028	0.20232649556352122	0.9996103688959613	2_vs_1
NM_001105576	108.46947130283642	0.26260682873852714	0.6361876150008026	0.41278205131075346	0.6797663028393527	0.9996103688959613	2_vs_1
NR_002584	4.956085045742743	-0.7709850306881054	2.2924676175294296	-0.33631228846712724	0.7366353842314627	0.9996103688959613	2_vs_1
NM_006978	1327.241408852321	0.10996833095116627	0.3076296737157304	0.3574698423039127	0.7207400991158135	0.9996103688959613	2_vs_1
NM_004541	4022.0193610131755	0.14171858705815557	0.26699883054505014	0.5307835497588208	0.5955687808142887	0.9996103688959613	2_vs_1
NM_080632	0.4375672576778184	-0.6329559375233141	4.865865455225865	-0.13008085475185696	0.8965024571050638	0.9996103688959613	2_vs_1
NM_139282	2.2925389571183006	-1.8839639500923862	2.5265350189471185	-0.745671022156459	0.45586616821597004	0.9996103688959613	2_vs_1
NR_126557	2.0932802613709502	-1.1909001086420428	2.6472728377130044	-0.4498592255684793	0.6528119497470742	0.9996103688959613	2_vs_1
NM_001184742	1.7122045876918124	-0.9345345187358279	2.790799670915852	-0.3348626304048342	0.7377287128350187	0.9996103688959613	2_vs_1
NR_027131	80.3083420308165	0.42106532752025666	0.5094631580726945	0.8264882766266202	0.40852716560351154	0.9996103688959613	2_vs_1
NM_001079872	88.7287805098987	-0.58669498166056	0.5775175870085116	-1.0158911085281168	0.3096812434325452	0.9996103688959613	2_vs_1
NM_003588	0.5673947200613941	-2.239464877929255	5.249070071171656	-0.42664030915277523	0.6696413332800284	0.9996103688959613	2_vs_1
NM_014060	252.73519511514345	0.1673667809531838	0.3468374626602628	0.48255104759869716	0.6294145443388388	0.9996103688959613	2_vs_1
NM_001137554	9.041178725675401	0.6208705565675917	1.2390926511679712	0.5010687102230474	0.6163227669857858	0.9996103688959613	2_vs_1
NM_152692	1.6757371257597968	-2.8871876411285635	3.264978547229489	-0.8842899269823683	0.37653972448162065	0.9996103688959613	2_vs_1
NM_012084	294.2314461677722	-0.42585869671118215	0.3718773367280599	-1.1451590474915032	0.2521432791524729	0.9996103688959613	2_vs_1
NM_001256743	2.6774370135859784	0.20239682606810752	2.5145614867168478	0.08048990932902902	0.9358476213855187	0.9996103688959613	2_vs_1
NR_130770	5.05208397714493	-2.4074254376657294	1.9771694861399731	-1.2176120734928724	0.22337142416803224	0.9996103688959613	2_vs_1
NM_001122716	0.24325007740297233	2.3880319425349685	5.264634296700489	0.45359882718380323	0.6501175977941263	0.9996103688959613	2_vs_1
NM_000276	0.38475072624340756	-2.8359672080127645	5.214979777981091	-0.543811736334416	0.586571031709164	0.9996103688959613	2_vs_1
NM_017413	102.2178419573756	-1.7091665160496161	0.61509192451452	-2.7787172094620294	0.0054574012894179685	0.9996103688959613	2_vs_1
NM_016032	8.781796481426483	0.790465617565167	1.318629419371888	0.5994600195873796	0.5488661633028276	0.9996103688959613	2_vs_1
NM_018990	13655.589965927633	0.14807376620454749	0.3005054571322728	0.4927490090117405	0.6221899440555951	0.9996103688959613	2_vs_1
NM_006649	54.54644906663677	-0.0740009172706292	0.5695855564773356	-0.1299206351514529	0.8966292181687591	0.9996103688959613	2_vs_1
NM_001130846	2.2250694235698387	-0.11617104930689147	2.555907404292032	-0.04545197885956671	0.9637470506278022	0.9996103688959613	2_vs_1
NM_001421	4.459997020473752	3.5481994460488218	2.784810447724525	1.2741260177862603	0.20261875906623894	0.9996103688959613	2_vs_1
NM_001127197	2.00626563586275	2.2653791893776023	3.4349274055938137	0.659512974186415	0.5095664174764896	0.9996103688959613	2_vs_1
NM_017666	360.4650414901976	0.21592243057358385	0.4000836047021634	0.5396932741953379	0.5894085791049448	0.9996103688959613	2_vs_1
NM_004794	1104.4135451802838	0.06298507160661673	0.33758849816357883	0.18657351168432657	0.8519950366516031	0.9996103688959613	2_vs_1
NM_178471	0.254209863496393	-2.2394545989067383	5.249070786110481	-0.42663829278746607	0.6696428021518525	0.9996103688959613	2_vs_1
NM_001282197	2.7629592179635925	-0.792003008038718	2.106162268198768	-0.37604083028040136	0.7068865417567225	0.9996103688959613	2_vs_1
NM_016024	1409.4916830443337	-0.10060964027993215	0.317630487705481	-0.3167505770832087	0.7514328682831046	0.9996103688959613	2_vs_1
NR_027141	575.6650656792143	-0.023472249902349678	0.3171218348041224	-0.0740165050976318	0.9409972521154898	0.9996103688959613	2_vs_1
NR_073150	0.3131848565650011	0.18569951937205179	5.670679084127837	0.03274731590645334	0.973876091469275	0.9996103688959613	2_vs_1
NM_016521	1.409614889612089	-3.8603885253808303	4.831848483626799	-0.7989465188037544	0.42432142353817703	0.9996103688959613	2_vs_1
NM_001448	827.2712412557731	-0.0027874938604178718	1.5839394931997175	-0.0017598487015352167	0.9985958446164901	0.9996103688959613	2_vs_1
NR_029491	0.6263697131300022	0.1856930736076683	5.670676855613464	0.03274619209236879	0.9738769876625372	0.9996103688959613	2_vs_1
NR_029852	0.26108172549402897	-2.274438402724985	5.24666637174921	-0.4335016259032113	0.6646503851412191	0.9996103688959613	2_vs_1
NR_029950	0.41546909309624924	2.388023661754382	5.264631347558274	0.45359750837291635	0.650118547183264	0.9996103688959613	2_vs_1
NR_029949	0.13054086274701449	-1.2707266181228496	5.344242256148473	-0.23777489066123403	0.8120556945547094	0.9996103688959613	2_vs_1
NR_029509	0.254209863496393	-2.2394545989067383	5.249070786110481	-0.42663829278746607	0.6696428021518525	0.9996103688959613	2_vs_1
NM_032458	44.9343916204414	-0.7977195110476535	0.7164792333480169	-1.1133881819854163	0.26554174839482414	0.9996103688959613	2_vs_1
NM_032335	0.5638416039343203	-2.859936636684103	5.2138790723754544	-0.5485237760570288	0.5833323082255215	0.9996103688959613	2_vs_1
NR_038998	2.4745045380975283	1.3547246981903944	2.7743546160811254	0.4883026453568475	0.6253354880115363	0.9996103688959613	2_vs_1
NR_024607	10.80035057283783	1.1727643465902875	1.2085084154235108	0.9704229872319945	0.3318356951513306	0.9996103688959613	2_vs_1
NM_138819	2.562270965350614	0.10568705732731618	2.7928314519374045	0.0378422612127203	0.9698134489127304	0.9996103688959613	2_vs_1
NM_001170781	76.00056061754664	0.04862031232166681	0.509873172471566	0.09535765940769948	0.9240307456697121	0.9996103688959613	2_vs_1
NM_001170780	8.105312556063085	0.0167865106259998	1.2906814285816028	0.013005928693378176	0.9896230628478598	0.9996103688959613	2_vs_1
NM_001170779	2.155956882494348	0.36397724548853677	2.627864474507005	0.13850685566911514	0.8898398517992039	0.9996103688959613	2_vs_1
NM_001166599	229.7487500440736	-0.30294096705906953	0.3839652993487286	-0.7889800655760031	0.4301236576734825	0.9996103688959613	2_vs_1
NM_001163438	22.33919766510128	0.7809877994168424	0.9969887279452276	0.7833466693514595	0.433423564453041	0.9996103688959613	2_vs_1
NM_019556	8.692591298297588	0.08183397963013249	1.2594871978100162	0.06497404639953831	0.948194664551358	0.9996103688959613	2_vs_1
NM_001078171	833.5247472927822	0.36084184750874915	0.3895896201710791	0.926210116558788	0.35433679611400004	0.9996103688959613	2_vs_1
NM_001078173	9.211065734097806	-0.1300288223464722	1.5178270442857749	-0.08566774642473067	0.9317305424645259	0.9996103688959613	2_vs_1
NM_001078172	65.39808976032502	0.36349437510138033	0.5587542856053468	0.6505442275177817	0.5153407429089425	0.9996103688959613	2_vs_1
NR_024493	2.592097339445289	-0.025062421414235217	2.7909493043996414	-0.008979891313226978	0.9928351796569499	0.9996103688959613	2_vs_1
NM_152695	130.36744293924195	-0.5761777057288971	0.44506595109008	-1.294589496944646	0.19546187751042154	0.9996103688959613	2_vs_1
NM_007131	93.48687684361342	-0.5809209812878795	0.48223641101280046	-1.2046394009689567	0.228342539244489	0.9996103688959613	2_vs_1
NR_046740	0.8550803128219601	-0.3765647162329551	3.5757087643364964	-0.10531190906506334	0.9161283134574113	0.9996103688959613	2_vs_1
NR_024359	3.8084730767541135	-0.6617836164888287	1.870567455263014	-0.3537876245129998	0.7234980486661179	0.9996103688959613	2_vs_1
NM_001017417	1.6797080204760535	1.5034817253770707	3.6224918234618615	0.4150407505793228	0.6781120718365026	0.9996103688959613	2_vs_1
NM_173470	1594.4569723620516	0.04120755746539175	0.3313021652311167	0.12438058603282992	0.9010139440770187	0.9996103688959613	2_vs_1
NM_001173517	19.42106414676758	0.49737566454175386	0.9045661055804183	0.5498499904798123	0.5824222675071781	0.9996103688959613	2_vs_1
NM_014500	0.17221901569327688	0.1857021468712428	5.670679992547694	0.032747774008635516	0.9738757261525522	0.9996103688959613	2_vs_1
NM_001163280	5.961213948099569	6.353280762305106	3.191753079650869	1.9905301581161352	0.046532565245069296	0.9996103688959613	2_vs_1
NM_001727	0.34443803138655377	0.18569776745135688	5.670678478428821	0.03274701046052047	0.9738763350492293	0.9996103688959613	2_vs_1
NM_000074	1.3743644649614906	1.5566526343122218	4.982621394576294	0.31241639912811286	0.7547240889492934	0.9996103688959613	2_vs_1
NM_001164803	2197.5140558516855	0.1500677930104861	0.3706722829981141	0.4048530194831147	0.6855855535835363	0.9996103688959613	2_vs_1
NR_002735	0.25216590144850065	0.09858869458804254	5.008909286092474	0.019682667214952314	0.9842965176611627	0.9996103688959613	2_vs_1
NR_028597	13.82304738671485	-0.1590146679635631	1.0529107315560988	-0.15102388378980144	0.8799568754449599	0.9996103688959613	2_vs_1
NM_173694	10.6102347118038	-0.6960722079185274	1.168395081424596	-0.5957507173599389	0.55134177117471	0.9996103688959613	2_vs_1
NM_001271560	1.12934437885203	-1.1660670785930773	3.989346766517535	-0.2922952420130139	0.7700608963774632	0.9996103688959613	2_vs_1
NM_004065	1.3867594638159486	2.1044511714068466	3.6842529221581537	0.5712016020263087	0.5678629923980727	0.9996103688959613	2_vs_1
NM_032461	0.6389605897398005	-3.56780775928973	5.188335845554705	-0.6876593700746221	0.4916673115490272	0.9996103688959613	2_vs_1
NM_022661	0.13054086274701449	-1.2707266181228496	5.344242256148473	-0.23777489066123403	0.8120556945547094	0.9996103688959613	2_vs_1
NM_012317	17.694365543631022	3.4748087069730618	1.3961524404790733	2.4888462077828137	0.012815839054757798	0.9996103688959613	2_vs_1
NR_024499	0.13054086274701449	-1.2707266181228496	5.344242256148473	-0.23777489066123403	0.8120556945547094	0.9996103688959613	2_vs_1
NM_152578	0.5962211417705512	3.6508891498481475	5.195244574207606	0.7027367234977561	0.48221983725028317	0.9996103688959613	2_vs_1
NM_001171909	19.79638972590355	1.4160487271472137	0.9244706894747937	1.531739992699707	0.12558660922857237	0.9996103688959613	2_vs_1
NR_104128	11.279465900459973	-0.8332106185796135	1.185315790012241	-0.7029439965285612	0.4820906512441038	0.9996103688959613	2_vs_1
NR_027455	42.57747623091587	-0.46144327119655065	0.6813799575834446	-0.6772187324574196	0.4982671841527577	0.9996103688959613	2_vs_1
NM_001282302	5.109536559735664	0.3861657069555396	1.5879872845391259	0.24317934451699005	0.8078664673437026	0.9996103688959613	2_vs_1
NM_005366	0.38270676419551514	-0.905119926623533	4.9046691264556666	-0.1845425049655925	0.8535878855689761	0.9996103688959613	2_vs_1
NR_102703	0.3070263949308039	0.37074188587666385	4.9709196748823725	0.07458215181991183	0.9405471753506538	0.9996103688959613	2_vs_1
NM_001166401	0.7059421287351578	3.8860424454533087	5.187716677127683	0.7490853273823965	0.4538057780013064	0.9996103688959613	2_vs_1
NM_001013845	831.6347051600827	0.5227258787692617	0.3949679198721302	1.3234641409319845	0.18568107373032683	0.9996103688959613	2_vs_1
NM_001301228	2.1533598579016595	0.8675556980806355	2.5319890493703543	0.34263801350024636	0.731870800656022	0.9996103688959613	2_vs_1
NM_001017980	2757.4998503039787	0.2282716920639654	0.3582407351422145	0.6372019417985675	0.5239933130205257	0.9996103688959613	2_vs_1
NM_018558	3.7020394442316054	-2.2930081214296787	2.638055039763456	-0.8692040487658983	0.38473553328656007	0.9996103688959613	2_vs_1
NR_073432	0.12162503870148617	1.5550309128527788	5.355826361799035	0.29034378783154585	0.7715532430081575	0.9996103688959613	2_vs_1
NM_001129765	1.2292841245034616	-0.6387310683324222	3.7358123849373306	-0.1709751461041685	0.8642433083532295	0.9996103688959613	2_vs_1
NM_013364	0.13054086274701449	-1.2707266181228496	5.344242256148473	-0.23777489066123403	0.8120556945547094	0.9996103688959613	2_vs_1
NM_032882	3.672408524738259	3.221224108589057	2.4116706626249615	1.3356815914006037	0.18165336880966976	0.9996103688959613	2_vs_1
NM_004988	0.24325007740297233	2.3880319425349685	5.264634296700489	0.45359882718380323	0.6501175977941263	0.9996103688959613	2_vs_1
NM_001080485	2400.5453861256697	-0.01600958346307574	0.3019147437682606	-0.05302683553395506	0.9577105261236197	0.9996103688959613	2_vs_1
NM_080701	10.296282880740307	0.872654711463152	1.3121214196577988	0.6650716148591952	0.5060046889150273	0.9996103688959613	2_vs_1
NM_001136273	26.010221220359085	0.3867066608594654	0.956823704196679	0.4041566478373704	0.686097530757437	0.9996103688959613	2_vs_1
NM_017518	31.565518798794244	0.6163594235149401	0.7413143129703309	0.8314414179395565	0.4057243094487709	0.9996103688959613	2_vs_1
NM_152274	0.17221901569327688	0.1857021468712428	5.670679992547694	0.032747774008635516	0.9738757261525522	0.9996103688959613	2_vs_1
NR_131982	8.15500557585053	0.7184776301851952	1.328637758818476	0.5407626160076312	0.5886712133040488	0.9996103688959613	2_vs_1
NM_001711	1.2527394262600045	0.1856869826215747	5.670674749772877	0.03274513013270809	0.9738778345295942	0.9996103688959613	2_vs_1
NM_001142806	0.26108172549402897	-2.274438402724985	5.24666637174921	-0.4335016259032113	0.6646503851412191	0.9996103688959613	2_vs_1
NM_005745	0.7059421287351578	3.8860424454533087	5.187716677127683	0.7490853273823965	0.4538057780013064	0.9996103688959613	2_vs_1
NM_000033	288.5333580590328	0.407462769076669	0.47723672797608624	0.8537959155085952	0.3932180780172262	0.9996103688959613	2_vs_1
NM_001139457	29.34091650299021	0.735713198188959	0.8998900535775104	0.8175589843049528	0.4136090558593174	0.9996103688959613	2_vs_1
NM_001256447	0.6974090957541327	2.875805756051611	5.230648727978828	0.5497990604241645	0.5824572031773918	0.9996103688959613	2_vs_1
NR_037927	55.94155805609159	-0.6876958186481437	0.5672638922663215	-1.2123031767466725	0.2253963483030308	0.9996103688959613	2_vs_1
NM_174869	23.87066734598108	0.3891167485452928	0.8040323640789626	0.4839565742991389	0.6284166884672409	0.9996103688959613	2_vs_1
NM_006280	0.12162503870148617	1.5550309128527788	5.355826361799035	0.29034378783154585	0.7715532430081575	0.9996103688959613	2_vs_1
NM_001303513	0.42642887918966993	-2.2394624693129264	5.2490702386952	-0.42663983667126654	0.6696416774709069	0.9996103688959613	2_vs_1
NM_001204527	0.873894627937922	3.467521169066929	5.202010655581516	0.666573253814165	0.5050447580509684	0.9996103688959613	2_vs_1
NM_005334	7729.718142844126	0.4787260129615048	0.3524271304304751	1.3583687849932577	0.1743466939730749	0.9996103688959613	2_vs_1
NR_027419	2.16336364358042	0.9090209553842844	2.4668806160857266	0.3684900474943353	0.7125078648420844	0.9996103688959613	2_vs_1
NM_002910	246.52048648362992	-0.5566424069002814	0.39935311894214953	-1.3938601716064645	0.16335983351099226	0.9996103688959613	2_vs_1
NM_001164741	9.092521513709322	-1.1060739578659637	1.322181101440727	-0.8365525393312003	0.4028441326914316	0.9996103688959613	2_vs_1
NM_003492	131.04880243462014	0.22328432137541998	0.5184008808933175	0.4307174806313071	0.6666738068099104	0.9996103688959613	2_vs_1
NR_130768	0.9584908212481617	0.4123334315609313	4.415737149144297	0.09337816487578643	0.9256031366201967	0.9996103688959613	2_vs_1
NR_046608	11.455568679717539	-0.30234264670584354	1.1245358725023098	-0.26885993955272647	0.7880374657884779	0.9996103688959613	2_vs_1
NM_004992	1292.1508555064577	-0.39204995265833814	0.32481588586397214	-1.2069913132959347	0.22743548936128644	0.9996103688959613	2_vs_1
NM_001316337	3.777811365858803	-0.014014894007417093	1.9661159967301176	-0.007128213203455702	0.9943125569034056	0.9996103688959613	2_vs_1
NM_001303624	217.85586474427205	1.4880475247156093	0.8055269930541975	1.8472969094103222	0.06470412063734812	0.9996103688959613	2_vs_1
NM_000117	2240.6566881466074	0.375432658572769	0.34239346963691714	1.0964947987205698	0.27286229829295006	0.9996103688959613	2_vs_1
NM_001110556	1.1812954930187944	-0.898141529233683	3.7994380446911338	-0.23638799176858144	0.8131316133707069	0.9996103688959613	2_vs_1
NR_000011	182.13855642874373	0.23690731801935783	0.40104069239873713	0.590731370929839	0.5547004249475562	0.9996103688959613	2_vs_1
NM_006014	628.6798373747283	1.0478808851683281	0.33164162667984387	3.159678402433837	0.0015794337091139222	0.9996103688959613	2_vs_1
NM_014235	1819.1023545589271	0.3123292088226511	0.28213033889349	1.1070387185142885	0.2682771886728219	0.9996103688959613	2_vs_1
NR_024048	3.598877321010042	0.3071306057408744	1.82342919191717	0.1684357183170653	0.8662405103401966	0.9996103688959613	2_vs_1
NM_001493	4244.774202108395	0.057592455190523	0.26951821821840766	0.21368668719771733	0.8307913936414683	0.9996103688959613	2_vs_1
NM_019848	4.907462769222004	6.212524284915711	3.602737135392953	1.724390109920719	0.08463744177947813	0.9996103688959613	2_vs_1
NM_001183	2722.9989197509753	0.14693875571782575	0.3042772752885275	0.48291071220646614	0.629159135374006	0.9996103688959613	2_vs_1
NR_106917	0.3131848565650011	0.18569951937205179	5.670679084127837	0.03274731590645334	0.973876091469275	0.9996103688959613	2_vs_1
NM_004699	2603.063153805059	0.1531241689598028	0.281829673488302	0.5433216703710887	0.5869083463883815	0.9996103688959613	2_vs_1
NM_017514	665.4763253903087	0.5445994836009439	0.411775880022474	1.3225628552386812	0.18598079370072462	0.9996103688959613	2_vs_1
NM_001282311	3.319507767454327	-0.9353280389304232	2.214149748969566	-0.4224321500231462	0.672709615378899	0.9996103688959613	2_vs_1
NR_103768	68.23948699756414	0.24698671540304942	0.5931531076762784	0.41639622587604463	0.6771200897019494	0.9996103688959613	2_vs_1
NM_003639	8.531463938796577	-0.15890294556174553	1.4261144664045866	-0.1114236965580749	0.911280369923892	0.9996103688959613	2_vs_1
NM_001099856	0.34443803138655377	0.18569776745135688	5.670678478428821	0.03274701046052047	0.9738763350492293	0.9996103688959613	2_vs_1
NR_110023	0.6849052591765755	-1.5971076589483832	4.814094542907485	-0.33175660442759103	0.7400730547465388	0.9996103688959613	2_vs_1
NM_001288747	10.520659783343053	-1.046618899161762	1.198181504339852	-0.8735061385698866	0.38238726180526184	0.9996103688959613	2_vs_1
NR_104114	0.17221901569327688	0.1857021468712428	5.670679992547694	0.032747774008635516	0.9738757261525522	0.9996103688959613	2_vs_1
NR_110021	6.251376454250816	0.43274517941381746	1.5357712510257608	0.2817771065350921	0.7781144262637311	0.9996103688959613	2_vs_1
NR_110022	8.112849732185383	-1.43705933594419	1.6561915288001503	-0.8676890993309733	0.3855645549103335	0.9996103688959613	2_vs_1
NM_001162936	0.13054086274701449	-1.2707266181228496	5.344242256148473	-0.23777489066123403	0.8120556945547094	0.9996103688959613	2_vs_1
NM_012151	235.55032827875695	1.82008933496543	0.8240582008785869	2.2086902757898694	0.02719619126425111	0.9996103688959613	2_vs_1
NM_019863	0.4792454106240808	0.37072758022094865	4.970917783048251	0.07457930233430903	0.9405494425969113	0.9996103688959613	2_vs_1
NM_023934	3317.150891562575	0.33425180668072874	0.26291950685050813	1.2713085106719715	0.2036189158055185	0.9996103688959613	2_vs_1
NM_001018025	54.16858773473399	0.005461243833511246	0.6988963495685819	0.007814096949973181	0.9937653161354791	0.9996103688959613	2_vs_1
NM_001018024	745.1469773607009	0.4889739501719199	0.3158221590530419	1.5482572585725294	0.1215603705671984	0.9996103688959613	2_vs_1
NM_024332	1.0226500209602212	1.2231509733265304	3.715467768034285	0.3292051094749919	0.7420006611940766	0.9996103688959613	2_vs_1
NM_171998	631.9242383665381	0.14601893070280894	0.3098968637840173	0.47118557096652924	0.637508221762311	0.9996103688959613	2_vs_1
NM_001303544	0.43069539568018245	-0.5979739119790792	4.868457789153128	-0.1228261469805405	0.9022447687303317	0.9996103688959613	2_vs_1
NM_176786	5.725581682291615	-1.682458843039485	1.764002423995046	-0.9537735437058616	0.340198283967299	0.9996103688959613	2_vs_1
NM_002186	3.1043706202773484	-2.5693364804028356	2.2734048061113623	-1.1301711307620843	0.25840412189407314	0.9996103688959613	2_vs_1
NR_110561	5.799766125449248	-0.5941709323701365	1.622136147530859	-0.36628918804044663	0.7141492965474625	0.9996103688959613	2_vs_1
NM_033031	12.220534128674643	-1.0060923500350052	1.1643020721748567	-0.8641162582109606	0.387524028579306	0.9994446795893159	2_vs_3
NM_001146257	0.24325007740297233	1.5377046531701197	5.271754471772187	0.29168745650121203	0.7705256006370385	0.9994446795893159	2_vs_3
NM_014467	0.6263697131300022	-3.507625698825358	5.226748693505886	-0.6710913235953934	0.5021623538867048	0.9994446795893159	2_vs_3
NM_000351	2034.8394997978928	0.05197565990896083	0.44017737058799383	0.11807890042037182	0.906005141506783	0.9994446795893159	2_vs_3
NM_006125	6.208919924069147	-0.1501319281682986	1.5585204355073436	-0.09632977838973686	0.9232586613198098	0.9994446795893159	2_vs_3
NM_014728	1.2127006847445545	-0.08549660691297767	3.626369653235872	-0.02357636288862267	0.9811905265923598	0.9994446795893159	2_vs_3
NR_109776	0.26108172549402897	-0.6646303718876241	5.677291070571182	-0.11706822208443803	0.9068059916467327	0.9994446795893159	2_vs_3
NM_001171942	0.13054086274701449	-0.6646303718876236	5.67729520946088	-0.11706813673878648	0.9068060592776792	0.9994446795893159	2_vs_3
NM_198279	415.0426003811511	0.10135143481992231	0.38376966952815106	0.26409443702139096	0.7917071503833972	0.9994446795893159	2_vs_3
NM_033215	28.307659404484458	0.34505481583081477	1.1748050916912949	0.29371239388659826	0.7689776828767574	0.9994446795893159	2_vs_3
NM_012278	5.3941607181382025	1.6196223632385596	1.754892792664079	0.9229181235509165	0.3560498751112394	0.9994446795893159	2_vs_3
NM_006517	1.36707973143234	-0.2966179789490193	3.9012007378455107	-0.07603248304336949	0.9393932552549902	0.9994446795893159	2_vs_3
NM_002547	2.4906218642241558	-0.1498493834503167	2.8895741948376092	-0.05185863845200143	0.9586413316363861	0.9994446795893159	2_vs_3
NM_153252	1977.4073248828545	-0.35346257023052985	0.29185390071106093	-1.2110942131298161	0.2258592990029633	0.9994446795893159	2_vs_3
NM_000489	8.054183550724852	0.24815283427597346	1.388156025444191	0.17876436778536328	0.8581227249270696	0.9994446795893159	2_vs_3
NM_000390	1023.7830391285578	-0.29908409579898554	0.28779131572913846	-1.0392394747605085	0.298693375869743	0.9994446795893159	2_vs_3
NM_001145414	70.51497148788305	0.2260038845404942	0.5455619253359082	0.41425890269256094	0.6786845082094619	0.9994446795893159	2_vs_3
NM_006729	62.41333050133727	-0.509597724315479	0.5655296339024978	-0.9010981808308529	0.367536120083354	0.9994446795893159	2_vs_3
NR_024608	16.117390773466028	0.21673346269160462	1.0312781788341732	0.2101600393955924	0.8335427669861563	0.9994446795893159	2_vs_3
NM_198465	0.24325007740297233	1.5377046531701197	5.271754471772187	0.29168745650121203	0.7705256006370385	0.9994446795893159	2_vs_3
NM_017416	0.37583490219787924	0.7046946220426563	5.362819640260274	0.13140375200245505	0.8954559207322752	0.9994446795893159	2_vs_3
NM_017698	0.8364829914821722	3.0357228691724414	5.194939785210857	0.5843615122959938	0.5589771152074319	0.9994446795893159	2_vs_3
NM_032227	68.05763610127225	-0.16430055617777983	0.7234792737408677	-0.22709780658710094	0.8203476895862897	0.9994446795893159	2_vs_3
NM_002578	0.3737909401499868	1.537703633663495	5.27175061478658	0.2916874765187934	0.7705255853305195	0.9994446795893159	2_vs_3
NM_001081550	4601.69768500137	-0.2863942564962351	0.3386917291504731	-0.8455897556594794	0.39778164240972635	0.9994446795893159	2_vs_3
NM_001184772	17.48615964374176	0.23357857207626484	1.1936699269223248	0.19568103946331925	0.8448598258175226	0.9994446795893159	2_vs_3
NR_110381	0.6140527898616078	2.025505455206865	5.237812735775999	0.38670826113579637	0.6989721995890941	0.9994446795893159	2_vs_3
NR_027456	45.493225234475354	0.5500812203197702	0.7000473928318641	0.7857771144530032	0.4319980763528034	0.9994446795893159	2_vs_3
NM_001173473	0.9370711606250762	1.7961509154626711	4.44823329168501	0.40378972901897453	0.6863673499545808	0.9994446795893159	2_vs_3
NM_145177	695.4659221142236	-0.245402664934442	0.32930043990556346	-0.7452242244341319	0.45613618079139384	0.9994446795893159	2_vs_3
NM_001171135	6.713766493261869	-0.8092140435495827	2.1682492526797947	-0.3732108024709126	0.7089915568716838	0.9994446795893159	2_vs_3
NR_033380	17.847910072792324	1.223879896711624	1.015434780680817	1.2052767149565737	0.22809649554887568	0.9994446795893159	2_vs_3
NR_033381	36.23222578883042	0.06675075166861524	0.7607785089895145	0.08774005953096033	0.9300832794815386	0.9994446795893159	2_vs_3
NM_005044	2743.3793443902746	-0.1390142211801644	0.34191807331901675	-0.40657172588376517	0.684322567032258	0.9994446795893159	2_vs_3
NM_001282146	0.4896703887487906	-0.7918263394823999	4.9359164667937465	-0.1604213411651902	0.872549179505563	0.9994446795893159	2_vs_3
NM_001178135	4.485220742315204	0.018131040020784576	2.4839557341862717	0.007299260518716204	0.994176084442482	0.9994446795893159	2_vs_3
NM_001135565	0.38270676419551514	0.7046945693101643	5.362819541694371	0.13140374458461035	0.895455926599981	0.9994446795893159	2_vs_3
NM_000216	11.902479844293504	0.36915861222542995	1.542487289986176	0.2393268421866468	0.8108521530282117	0.9994446795893159	2_vs_3
NM_001649	2.1775808329069335	-1.0825589159824	2.8270744528438856	-0.38292550622195454	0.701774998922849	0.9994446795893159	2_vs_3
NM_005647	1.8153193832240333	-3.1012377210942854	3.6111054694986686	-0.8588056337010926	0.3904477588825759	0.9994446795893159	2_vs_3
NM_001139468	0.3070263949308039	0.9768554421715031	5.327356800237753	0.1833658751987303	0.8545109495224046	0.9994446795893159	2_vs_3
NM_001830	9.34717209705092	0.7530308176543788	1.6731559302240602	0.45006613194356426	0.6526627565879313	0.9994446795893159	2_vs_3
NM_015691	3093.890967411566	0.32963430634675944	0.5183096589840421	0.6359794779686102	0.5247897980854788	0.9994446795893159	2_vs_3
NM_013423	0.9203657844289731	0.26464747641137826	4.595403205515592	0.05758960956760822	0.9540755263013574	0.9994446795893159	2_vs_3
NM_001287242	0.508419726992786	-0.6646303718876237	5.677287094808882	-0.11706830406645088	0.9068059266812544	0.9994446795893159	2_vs_3
NM_021109	366260.56475576345	0.18360417029162537	0.27940354545269663	0.6571289923832044	0.511097978314487	0.9994446795893159	2_vs_3
NM_003611	2142.095074858015	-0.16363582374008304	0.289600224364315	-0.5650403900731457	0.5720462921394824	0.9994446795893159	2_vs_3
NM_017856	3.0478573678458147	-0.5262363900383896	2.580607185225038	-0.20391960196472134	0.8384163267689688	0.9994446795893159	2_vs_3
NM_001001994	0.873894627937922	0.5565434505539918	4.77568133625657	0.11653697375676239	0.9072269848901421	0.9994446795893159	2_vs_3
NM_002641	49.30555943714544	0.24855357199918834	0.6521979675841045	0.3811014206620262	0.7031279932876746	0.9994446795893159	2_vs_3
NM_021804	1.7392395810659493	-1.320920221007163	3.9390252714862597	-0.3353419005887104	0.7373671895790928	0.9994446795893159	2_vs_3
NM_003662	0.13054086274701449	-0.6646303718876236	5.67729520946088	-0.11706813673878648	0.9068060592776792	0.9994446795893159	2_vs_3
NR_037859	1.1833394550666867	-3.863468302089815	4.130861640496583	-0.9352693549971759	0.34964950409448015	0.9994446795893159	2_vs_3
NM_175859	19.63966533843912	0.45535388646503927	1.285422784526078	0.35424444933339466	0.7231556947806923	0.9994446795893159	2_vs_3
NM_001144002	1.6919377744542006	-0.4841931942976614	2.9080064461846975	-0.1665034803939044	0.8677607444454941	0.9994446795893159	2_vs_3
NM_019857	2.254539490970806	-0.9417182087812791	2.258347968118022	-0.4169942905503855	0.6766825838572131	0.9994446795893159	2_vs_3
NM_001037343	0.17648553218378946	0.9768490191733945	5.327361795793595	0.18336449759141568	0.8545120303698617	0.9994446795893159	2_vs_3
NM_006089	3.998023828974691	-0.5562119564837981	1.8014038583393068	-0.3087658294440223	0.7574996640209434	0.9994446795893159	2_vs_3
NM_001024666	7.829764650644441	0.09354720036225228	1.3834089472698845	0.0676207859916367	0.946087508441874	0.9994446795893159	2_vs_3
NM_031892	509.9559719891827	-0.03443303160561321	0.5134994530539014	-0.0670556344331662	0.9465374129504518	0.9994446795893159	2_vs_3
NM_001184960	0.25216590144850065	0.7046971646667128	5.362822215601732	0.13140416302009422	0.8954555956067698	0.9994446795893159	2_vs_3
NM_001001671	17.703753231592657	0.14157343589291316	0.96251965300952	0.14708628073229887	0.8830639184885083	0.9994446795893159	2_vs_3
NM_001168465	13.000822780391301	-0.2010188133771044	1.229884180857294	-0.1634453198975075	0.8701678224897946	0.9994446795893159	2_vs_3
NM_004586	3717.598528234236	-0.22087400395307907	0.2645455303444456	-0.8349186760611492	0.4037634986019216	0.9994446795893159	2_vs_3
NR_045617	0.254209863496393	-0.6646303718876234	5.677291214829594	-0.1170682191097665	0.9068059940039688	0.9994446795893159	2_vs_3
NM_000444	0.34870454787706634	-0.35389952119648943	4.99630352911318	-0.07083227012417016	0.9435312484733639	0.9994446795893159	2_vs_3
NM_024122	10.809043852517775	-0.4245269815865489	1.2197125935476831	-0.34805493017970757	0.7277989310648526	0.9994446795893159	2_vs_3
NM_030624	1129.5256596521142	-0.2792487026549636	0.29176035435653713	-0.9571166832136349	0.33850836384612004	0.9994446795893159	2_vs_3
NM_001037171	0.3131848565650011	-2.433305851681789	5.311707532033247	-0.4581023780031717	0.6468788905594687	0.9994446795893159	2_vs_3
NM_001142386	3790.883480406887	-0.19206489212732808	0.33352471319200994	-0.5758640500404433	0.5647070765977587	0.9994446795893159	2_vs_3
NM_005391	10.432709000617857	0.6357992587771278	1.2330901593752006	0.5156145752548082	0.606123628447649	0.9994446795893159	2_vs_3
NM_016937	3392.5511769462046	-0.16229476558983444	0.3054148923238063	-0.5313911327472749	0.595147764945235	0.9994446795893159	2_vs_3
NM_004019	5.041655364785722	-2.379478969229919	2.1656108889724996	-1.098756466984192	0.2718743052405389	0.9994446795893159	2_vs_3
NM_001304548	0.17221901569327688	-1.9953788099609147	5.367868639421211	-0.37172646053724334	0.710096521870611	0.9994446795893159	2_vs_3
NR_110412	0.254209863496393	-0.6646303718876234	5.677291214829594	-0.1170682191097665	0.9068059940039688	0.9994446795893159	2_vs_3
NM_001173486	0.254209863496393	-0.6646303718876234	5.677291214829594	-0.1170682191097665	0.9068059940039688	0.9994446795893159	2_vs_3
NM_000328	133.85480828178223	0.14133473490713971	0.5749625085612011	0.24581556675898553	0.8058250062057043	0.9994446795893159	2_vs_3
NM_004615	8.483968790190508	0.7984401403783341	1.505016543650421	0.5305191785079756	0.5957520154655208	0.9994446795893159	2_vs_3
NM_000531	0.12162503870148617	0.7046986255717126	5.362826423907578	0.131404332318151	0.8954554616876652	0.9994446795893159	2_vs_3
NR_038968	0.24325007740297233	1.5377046531701197	5.271754471772187	0.29168745650121203	0.7705256006370385	0.9994446795893159	2_vs_3
NM_144970	2421.2066480001977	-0.10734260975925618	0.2991522346144239	-0.3588226907200263	0.7197277368122297	0.9994446795893159	2_vs_3
NM_001039590	0.24325007740297233	1.5377046531701197	5.271754471772187	0.29168745650121203	0.7705256006370385	0.9994446795893159	2_vs_3
NM_003688	2.6901498266329735	1.7143690038731274	2.6179053659269167	0.6548628633358273	0.5125560521984553	0.9994446795893159	2_vs_3
NM_000898	0.24325007740297233	1.5377046531701197	5.271754471772187	0.29168745650121203	0.7705256006370385	0.9994446795893159	2_vs_3
NM_025184	10.509052140356454	-0.3108717733041831	1.5149758167999143	-0.2051991654631412	0.8374165214358491	0.9994446795893159	2_vs_3
NM_014735	1.57983675667308	1.7706951431578009	4.118020823956161	0.42998693276560546	0.6672051466793574	0.9994446795893159	2_vs_3
NM_001039891	0.7479947518314884	-2.1382933719710806	4.883345438961801	-0.4378746903527843	0.6614771236307778	0.9994446795893159	2_vs_3
NM_007137	466.0853167963517	-0.545787176128628	0.3964346764366541	-1.3767392424760272	0.16859288137414852	0.9994446795893159	2_vs_3
NM_007130	1.5336750934601309	0.17897972042266444	2.99104158974057	0.059838593029456454	0.9522841878405826	0.9994446795893159	2_vs_3
NM_006950	0.17221901569327688	-1.9953788099609147	5.367868639421211	-0.37172646053724334	0.710096521870611	0.9994446795893159	2_vs_3
NM_001282163	0.26108172549402897	-0.6646303718876241	5.677291070571182	-0.11706822208443803	0.9068059916467327	0.9994446795893159	2_vs_3
NM_001272102	0.17221901569327688	-1.9953788099609147	5.367868639421211	-0.37172646053724334	0.710096521870611	0.9994446795893159	2_vs_3
NM_020717	0.8528577583793399	-2.7252979644538327	5.2823094711934235	-0.5159292501350002	0.6059038239969097	0.9994446795893159	2_vs_3
NM_001242491	2.707037429458302	-0.2102900644836558	2.2499119081262746	-0.09346591025369755	0.9255334307875751	0.9994446795893159	2_vs_3
NM_022117	1193.2999236490025	0.3626115524011031	0.3075835289179461	1.1789043245480055	0.2384362755296181	0.9994446795893159	2_vs_3
NM_001184898	11.436427456704857	1.2728718287240484	1.2069404216297712	1.0546268945117006	0.29159599854578333	0.9994446795893159	2_vs_3
NM_031407	29869.35313621724	0.02412075924952606	0.2934065991275231	0.08220932767446881	0.9344802561434947	0.9994446795893159	2_vs_3
NM_001184896	1.689867236915788	0.3220318835487506	3.3794491520258116	0.09529123506880066	0.9240835043762219	0.9994446795893159	2_vs_3
NM_017848	8.575785929751135	0.8404576391266607	1.4326456449500242	0.5866472578820975	0.5574406367547968	0.9994446795893159	2_vs_3
NM_174912	134.764157710631	-0.7281858409910819	0.6029245066586442	-1.207756249661546	0.22714103454016332	0.9994446795893159	2_vs_3
NR_015367	1303.3832460359042	-0.1312516396363938	0.2882093769940278	-0.4554037797289071	0.6488187765434779	0.9994446795893159	2_vs_3
NM_015185	39.57482981776812	0.2987397348635997	0.6896826781615072	0.4331553398730453	0.6649019213540529	0.9994446795893159	2_vs_3
NR_015353	558.6530799690952	0.0992925365910298	0.3021735107152078	0.32859444349048494	0.7424622485123957	0.9994446795893159	2_vs_3
NM_001173479	9.216116049155127	0.3403718238724798	1.4383230456229008	0.23664490735116706	0.8129322784980106	0.9994446795893159	2_vs_3
NM_130388	3.8756631974914857	-0.46910432175937655	2.438590173635775	-0.19236701879265483	0.8474547250939612	0.9994446795893159	2_vs_3
NM_017677	121.53444724864875	0.20152778428502807	0.46029479137233925	0.4378232994646452	0.6615143796551284	0.9994446795893159	2_vs_3
NM_138737	1.1959303316764849	-2.0005343096380086	4.621987538923246	-0.43282987952495855	0.6651383645468516	0.9994446795893159	2_vs_3
NM_000044	0.9590173083024376	-2.4125605011453484	4.893698219280913	-0.49299331365387167	0.6220173118012647	0.9994446795893159	2_vs_3
NM_012310	2726.351184519415	-0.2188610875223225	0.2945720577814179	-0.7429797964229337	0.4574939123805414	0.9994446795893159	2_vs_3
NM_001170747	10.155347409100132	-1.5678857773308525	1.638829952424089	-0.9567104720118773	0.33871341102119534	0.9994446795893159	2_vs_3
NM_017669	1018.8937565224211	-0.2167666113430652	0.33054189588908317	-0.6557916380312756	0.5119581974016454	0.9994446795893159	2_vs_3
NM_181672	0.47032958657855245	0.4676941133131003	4.916115804746748	0.09513488532176541	0.9242076892470241	0.9994446795893159	2_vs_3
NM_001013627	9.52390200014696	0.8310611783742774	1.5085876462747805	0.55088690433496	0.5817112052166309	0.9994446795893159	2_vs_3
NR_104395	0.5063757649448938	0.704693722861221	5.362817959527809	0.1314036255154312	0.8954560207867622	0.9994446795893159	2_vs_3
NR_028379	172.2609252332512	-0.4428160946698772	0.4476638088301676	-0.9891710831551059	0.32257944382007475	0.9994446795893159	2_vs_3
NR_024582	144.2320036447579	-0.10669536916543737	0.5323275397916966	-0.2004318040866118	0.8411428880476265	0.9994446795893159	2_vs_3
NR_029423	17.923789954046878	0.15992330964752155	0.9532564897813575	0.16776524614503507	0.8667679644899325	0.9994446795893159	2_vs_3
NM_001039840	1.1343765685912734	2.121794940763521	4.572056093730958	0.46407893894233954	0.642591190439753	0.9994446795893159	2_vs_3
NR_003255	3.61800122052383	1.3382416157947434	2.61301175578308	0.5121452717665608	0.608549342268905	0.9994446795893159	2_vs_3
NM_001008537	392.1704483026205	-0.9930784826340378	0.6075402908008886	-1.6345886810649453	0.10213530204260723	0.9994446795893159	2_vs_3
NM_032121	5832.767158344171	-0.04575294272632022	0.29743108660304807	-0.153827036873863	0.8777461152143327	0.9994446795893159	2_vs_3
NM_000291	84840.54464996977	-0.577798649089935	0.32747340006032	-1.7644139920479203	0.07766230414527275	0.9994446795893159	2_vs_3
NM_000052	43.38783510211482	-0.5905558564203452	0.6720748918893846	-0.878705429331146	0.3795610140865556	0.9994446795893159	2_vs_3
NM_003022	7843.797247771042	-0.23825045565211955	0.2817198150584368	-0.8457000286000456	0.3977201071969889	0.9994446795893159	2_vs_3
NM_030763	1387.7102413366026	-0.13796750080156575	0.36540444586505294	-0.3775747732760711	0.7057465078038683	0.9994446795893159	2_vs_3
NM_014496	171.45700134339822	1.6309264888696273	0.6232889406873996	2.616645960492971	0.008879839030368231	0.9994446795893159	2_vs_3
NM_198450	1284.309488240069	-0.1845121579339763	0.31725218514591685	-0.5815946006774132	0.5608397806371573	0.9994446795893159	2_vs_3
NM_024921	34.77949673631291	0.9868003313251381	0.7969323838945443	1.2382485029692536	0.2156239320253407	0.9994446795893159	2_vs_3
NM_007309	10.847369544891967	0.06086149078667917	1.1744537131317252	0.05182110636305087	0.9586712376993194	0.9994446795893159	2_vs_3
NR_028407	9.572126001352133	0.45887663719406574	1.6341022783598744	0.28081267817252775	0.778854078969017	0.9994446795893159	2_vs_3
NM_212559	23.270136466099675	1.4273253458829709	1.1443169937130617	1.2473163937307337	0.21228150869504125	0.9994446795893159	2_vs_3
NM_001199818	19.85029678498074	0.04191968194847191	0.9079553964671775	0.0461693185717932	0.963175296619608	0.9994446795893159	2_vs_3
NR_131236	3.557725655118055	0.527306845300582	2.0015933404832813	0.2634435450176231	0.7922087314919508	0.9994446795893159	2_vs_3
NR_131237	1.3389750310010566	-1.7313418280761	3.5656586156291445	-0.4855601768736944	0.627279037102032	0.9994446795893159	2_vs_3
NM_017752	187.58546805767583	-0.3871524457497645	0.5933453709530851	-0.6524908842347336	0.514084551577143	0.9994446795893159	2_vs_3
NM_198881	5.251306475237566	-0.295452937066964	1.598703054495362	-0.18480788926760708	0.8533797197118353	0.9994446795893159	2_vs_3
NM_001171080	530.8557257395981	0.11357067963391111	0.48561183146741244	0.23387131917837634	0.8150848797722577	0.9994446795893159	2_vs_3
NM_018301	145.0529819599394	-0.07674245889234468	0.478878184806124	-0.16025465625128488	0.8726804762250993	0.9994446795893159	2_vs_3
NM_198057	12.139340632920543	-0.25550378085848685	1.568254921521929	-0.1629223523242832	0.8705795713557054	0.9994446795893159	2_vs_3
NM_052936	40.513421755587025	0.5072766454371938	0.6622777281303328	0.765957579261014	0.44370154355374425	0.9994446795893159	2_vs_3
NM_001522	0.6875106046836988	-1.9953742190613484	5.367858745879181	-0.371726290412013	0.7100966485492165	0.9994446795893159	2_vs_3
NM_022977	22.761555873714016	0.033229693013436604	0.8503565093613132	0.039077366548760595	0.9688287060608474	0.9994446795893159	2_vs_3
NM_012471	1.383280289007019	-4.5192150104208775	4.7924560471234185	-0.9429851762820969	0.34568848524592155	0.9994446795893159	2_vs_3
NR_131204	0.26108172549402897	-0.6646303718876241	5.677291070571182	-0.11706822208443803	0.9068059916467327	0.9994446795893159	2_vs_3
NM_001282338	0.3070263949308039	0.9768554421715031	5.327356800237753	0.1833658751987303	0.8545109495224046	0.9994446795893159	2_vs_3
NM_001289109	0.8180514674307133	-1.99656992404227	5.152406005803294	-0.3875024448371265	0.6983842753207788	0.9994446795893159	2_vs_3
NM_145305	882.3619991242564	-0.12031361683054963	0.38032178472635175	-0.31634689797513804	0.7517392180153097	0.9994446795893159	2_vs_3
NM_144658	2928.8392588180627	-0.38851012753796593	0.3078203264488506	-1.262132790319561	0.20690100795150312	0.9994446795893159	2_vs_3
NM_001560	167.74092654759846	-1.4021390309171673	0.7693668120356866	-1.8224584281289873	0.06838545605200708	0.9994446795893159	2_vs_3
NM_020721	0.254209863496393	-0.6646303718876234	5.677291214829594	-0.1170682191097665	0.9068059940039688	0.9994446795893159	2_vs_3
NM_024528	992.5228271860664	-0.08832778979538342	0.4322374789633894	-0.20435014105490099	0.8380798896584603	0.9994446795893159	2_vs_3
NM_013995	2456.119124874192	0.028092278574351617	0.3631482034377667	0.0773576140771569	0.938339058763449	0.9994446795893159	2_vs_3
NM_145799	6225.599965819637	0.2922670489977692	0.4032753314848246	0.7247332682653	0.4686156814466872	0.9994446795893159	2_vs_3
NM_002294	216.58724298476702	-0.2835235560351774	0.36444788778212966	-0.777953626677816	0.43659635207134806	0.9994446795893159	2_vs_3
NR_131238	2.21232280470161	-0.6646320401187078	4.6545757916979555	-0.14279110919284332	0.8864551589630183	0.9994446795893159	2_vs_3
NM_001282418	1.2856236915979349	-1.3776609306169751	3.1731495463444643	-0.4341619928389665	0.6641708106390336	0.9994446795893159	2_vs_3
NM_001042749	46.0922918833399	-0.8413923488017252	0.6356625217524914	-1.3236463060336585	0.18562053866063	0.9994446795893159	2_vs_3
NM_003399	39.980458272124444	0.6012081139352576	0.7656337665249748	0.7852424229720103	0.4323114467140916	0.9994446795893159	2_vs_3
NM_003069	0.3529710643675789	2.0255066663275443	5.237819016887912	0.3867080286273452	0.6989723717386527	0.9994446795893159	2_vs_3
NM_182314	0.3916225882410434	-0.6646303718876244	5.677288656255734	-0.11706827186869852	0.9068059521959045	0.9994446795893159	2_vs_3
NM_145812	0.34870454787706634	-0.35389952119648943	4.99630352911318	-0.07083227012417016	0.9435312484733639	0.9994446795893159	2_vs_3
NR_026975	123.12296364507597	0.8474053429273496	0.49988980831781477	1.695184276268731	0.0900404687690603	0.9994446795893159	2_vs_3
NR_110410	55.19050781274009	-0.5747283608035362	0.5990519160197427	-0.9593965822230924	0.3373589962318789	0.9994446795893159	2_vs_3
NM_001170704	3.0705770768206384	-0.9451911847797971	2.109089624667752	-0.4481512657048391	0.6540440315865597	0.9994446795893159	2_vs_3
NM_133486	0.17221901569327688	-1.9953788099609147	5.367868639421211	-0.37172646053724334	0.710096521870611	0.9994446795893159	2_vs_3
NM_000194	4764.744005127769	-0.123662565904555	0.3821942713918786	-0.3235594438770616	0.7462715965896235	0.9994446795893159	2_vs_3
NM_001159702	1.8207002164605666	-0.6646317409440576	4.854648719937337	-0.13690624786393124	0.8911049002605147	0.9994446795893159	2_vs_3
NM_182540	1620.6053983475929	-0.08676012502185752	0.291034192609045	-0.29810973152012077	0.7656194143954684	0.9994446795893159	2_vs_3
NM_004840	93.61504327216136	-0.20747961973617493	0.48189003890130544	-0.43055386703826065	0.6667927912361313	0.9994446795893159	2_vs_3
NM_001306177	1.760588805347382	2.8741003055609395	4.0746101438822535	0.7053681712043551	0.48058114628523707	0.9994446795893159	2_vs_3
NM_001306145	6.709210525166246	0.2847447777339053	1.4606099408974145	0.19494922618351826	0.8454326965104876	0.9994446795893159	2_vs_3
NM_000252	437.10395219926704	-0.46047426895458177	0.3671419729621226	-1.2542130915717669	0.2097645626782334	0.9994446795893159	2_vs_3
NM_001306144	1203.4651934549413	-0.0065764453457733745	0.2809177039808354	-0.023410576309644156	0.9813227686438826	0.9994446795893159	2_vs_3
NM_003828	0.7730894650188439	-0.2780413842273312	4.202549228565094	-0.06616017305340759	0.9472503045690108	0.9994446795893159	2_vs_3
NM_173493	0.34443803138655377	-2.725299641657205	5.282318797476696	-0.5159286567404924	0.6059042384570295	0.9994446795893159	2_vs_3
NM_004344	893.3086552458841	-0.13596714794832382	0.33785118911365924	-0.4024468533173699	0.6873551942064782	0.9994446795893159	2_vs_3
NM_001178113	2.2935473215379782	-0.8064413590859053	3.0201950273447973	-0.26701631907356915	0.7894565963243156	0.9994446795893159	2_vs_3
NM_001178115	0.5251900800608558	0.6947451414086876	4.90071635010721	0.14176399770484352	0.8872664224673288	0.9994446795893159	2_vs_3
NR_073156	23.77942997371378	0.06399240722582493	0.8341238809045446	0.07671810949283693	0.9388477977069964	0.9994446795893159	2_vs_3
NM_006730	17.86308474154813	0.21672175769594368	1.0142943384626006	0.21366752182057527	0.8308063402597472	0.9994446795893159	2_vs_3
NM_000402	1.2055331098529383	-4.499233354495192	5.187779183885209	-0.8672754169011575	0.3857911227727234	0.9994446795893159	2_vs_3
NM_000132	18.82014784335656	-0.7425372647036506	0.9667961074530634	-0.7680391542533178	0.44246392360290454	0.9994446795893159	2_vs_3
NM_001166462	0.47032958657855245	0.4676941133131003	4.916115804746748	0.09513488532176541	0.9242076892470241	0.9994446795893159	2_vs_3
NM_001009932	20.001030677331812	-0.8155397046104725	0.8808287007586189	-0.9258777602365639	0.35450951021151034	0.9994446795893159	2_vs_3
NM_001304990	1.5900447410216152	0.31805541858455266	2.986930625171852	0.10648235881482966	0.9151996514533898	0.9994446795893159	2_vs_3
NM_001184797	0.2938440543947631	-0.6260499471150828	5.034100988600182	-0.12436181724061254	0.9010288040326206	0.9994446795893159	2_vs_3
NM_018196	20.219662535893338	-0.19761049362317495	1.1438427187571598	-0.17276019716931737	0.862839924591672	0.9994446795893159	2_vs_3
NM_001289	494.02530160935544	0.4870631407811077	0.632990900941963	0.7694630997954346	0.44161844208097367	0.9994446795893159	2_vs_3
NM_012227	1942.5753925675206	0.4246306599769767	0.42875468313531284	0.9903813921560488	0.32198773708957573	0.9994446795893159	2_vs_3
NM_018390	2204.0200058000482	-0.6761624289459237	0.6251409790510729	-1.0816159100180867	0.2794232319826584	0.9994446795893159	2_vs_3
NM_013239	253.96495162669376	0.6994956652654811	0.47690751589295804	1.4667323159203116	0.1424488882613361	0.9994446795893159	2_vs_3
NR_027232	4.970436088517104	-0.554470899639982	1.7273061302015882	-0.3210032604789468	0.7482079200554255	0.9994446795893159	2_vs_3
NM_001161529	0.13054086274701449	-0.6646303718876236	5.67729520946088	-0.11706813673878648	0.9068060592776792	0.9994446795893159	2_vs_3
NR_026711	34.29654444481217	1.5439716251081952	0.905779494148086	1.704577808487869	0.08827319307293635	0.9994446795893159	2_vs_3
NM_002183	95.5898360126	-0.5674909661794213	0.6519968261410328	-0.8703891544046686	0.38408777166203845	0.9994446795893159	2_vs_3
NR_026710	35.14934869921013	0.904059788138213	0.7486560483657205	1.207576950873143	0.22721002946594404	0.9994446795893159	2_vs_3
NR_130733	29.536108921172225	0.5495471750359181	0.7626700555296926	0.7205569053766566	0.4711821762669318	0.9994446795893159	2_vs_3
NM_001636	33867.55368182054	0.02003309661635193	0.3016373737193179	0.0664145041754451	0.9470478230360483	0.9994446795893159	2_vs_3
NM_178129	7427.44204438322	0.11260397247255449	0.2904804184079618	0.38764737771208096	0.6982770028348789	0.9994446795893159	2_vs_3
NR_027383	27.13257020244301	-0.27247212040218294	0.775121142629325	-0.3515219820709798	0.7251967841011426	0.9994446795893159	2_vs_3
NR_037842	2.368192750892492	0.9076112943797067	3.8439086727285297	0.236116768543165	0.8133420623495051	0.9994446795893159	2_vs_3
NM_001277710	1.4434469255699698	2.302508009634995	3.909146906051214	0.5890052394988785	0.5558577588445178	0.9994446795893159	2_vs_3
NM_001282631	0.13054086274701449	-0.6646303718876236	5.67729520946088	-0.11706813673878648	0.9068060592776792	0.9994446795893159	2_vs_3
NM_001669	293.93921141538016	0.6995579029417536	0.4589348380159892	1.5243076903161163	0.12743186699211026	0.9994446795893159	2_vs_3
NR_046643	0.6071809278639719	2.025505472405627	5.237812825095661	0.3867082578248936	0.6989722020404907	0.9994446795893159	2_vs_3
NR_034031	299.53707839371896	0.011145391115097629	0.41542860791470304	0.026828655761198878	0.9785963974478259	0.9994446795893159	2_vs_3
NR_039924	1.9200082715691211	0.2546098710906504	3.785101531708033	0.0672663253436579	0.9463696846305104	0.9994446795893159	2_vs_3
NM_013452	1.139617340072532	-2.1261381725649495	4.3160720983168614	-0.4926095125690972	0.6222885253291218	0.9994446795893159	2_vs_3
NM_004650	14.175579867969867	-0.21446751534765268	1.060891526778221	-0.20215781720772197	0.8397933492232373	0.9994446795893159	2_vs_3
NM_016378	0.24325007740297233	1.5377046531701197	5.271754471772187	0.29168745650121203	0.7705256006370385	0.9994446795893159	2_vs_3
NM_000273	0.680638742686063	-1.9953742436376092	5.367858798839977	-0.3717262913228679	0.7100966478709759	0.9994446795893159	2_vs_3
NM_005333	0.43069539568018245	0.9768598944997231	5.327353456152632	0.18336682604972165	0.8545102035009181	0.9994446795893159	2_vs_3
NM_078628	896.7424049372004	0.3488722603083601	0.4074718721679648	0.8561873447906381	0.3918941614331034	0.9994446795893159	2_vs_3
NM_001193270	1.865787880663855	1.622810493753073	2.927566402247206	0.5543206441047418	0.5793594244374295	0.9994446795893159	2_vs_3
NM_006800	15.916676511960821	0.2739745576517247	1.0254322011846249	0.2671795925027682	0.7893308880093763	0.9994446795893159	2_vs_3
NM_016562	4160.925323989958	-0.5852156640800149	0.36074186530978053	-1.622256023923011	0.10474854047778151	0.9994446795893159	2_vs_3
NR_030727	2.753804207723609	-0.8065411458135752	2.7664549989521725	-0.2915432009987736	0.7706359084708376	0.9994446795893159	2_vs_3
NM_174901	3.617531298307361	-0.3812021071362548	2.127794581287979	-0.17915362248244315	0.8578170783804546	0.9994446795893159	2_vs_3
NR_045260	0.8106447974643665	-0.22674219153266606	4.794997102875256	-0.04728724265478766	0.9622842955959093	0.9994446795893159	2_vs_3
NR_046087	0.254209863496393	-0.6646303718876234	5.677291214829594	-0.1170682191097665	0.9068059940039688	0.9994446795893159	2_vs_3
NM_004251	25.70345809462199	0.7202131302172006	0.8139869182305812	0.8847969347993662	0.37626616296340143	0.9994446795893159	2_vs_3
NM_152634	0.17221901569327688	-1.9953788099609147	5.367868639421211	-0.37172646053724334	0.710096521870611	0.9994446795893159	2_vs_3
NM_001297563	1.7299192064033406	0.9961787511563996	3.0179363852374954	0.33008606676711166	0.7413349308766042	0.9994446795893159	2_vs_3
NM_001001995	40.50595676840906	0.33452546924370025	0.7482079300949013	0.4471022770385094	0.6548012150284501	0.9994446795893159	2_vs_3
NR_110506	278.3436996106978	0.24813833247981945	0.3662765673541483	0.6774616631150677	0.49811308599037774	0.9994446795893159	2_vs_3
NM_152581	25.02130539798105	-0.3946303442193402	0.8265844432203774	-0.477422902712587	0.6330610086966487	0.9994446795893159	2_vs_3
NM_001018113	9.74062814924293	0.6142231294108839	1.3256028769707666	0.4633537993026167	0.6431107889602914	0.9994446795893159	2_vs_3
NM_004469	0.17221901569327688	-1.9953788099609147	5.367868639421211	-0.37172646053724334	0.710096521870611	0.9994446795893159	2_vs_3
NM_020665	13.901701703253371	-1.1363415204262708	1.0750412864178338	-1.057021283538511	0.2905018740283941	0.9994446795893159	2_vs_3
NR_026551	258.1954832347287	0.02028599342293461	0.4814922716658441	0.042131503695272396	0.9663938661429743	0.9994446795893159	2_vs_3
NM_001272071	4.3462500044628465	-0.5943555646511651	2.1842240506817197	-0.2721129109743391	0.7855352024747873	0.9994446795893159	2_vs_3
NM_005089	819.3095795984906	0.32475742067170116	0.31143515810478756	1.0427770025965761	0.2970515848251496	0.9994446795893159	2_vs_3
NM_007220	181.1416484912135	-0.12621005807885657	0.43942504620362094	-0.28721635047714894	0.7739466676437119	0.9994446795893159	2_vs_3
NM_005314	70.4215847205002	-0.9533044629330181	0.646762557211434	-1.473963593444962	0.1404913937531952	0.9994446795893159	2_vs_3
NM_001277307	2.2310758682998286	-0.19332719127161707	2.37796372203911	-0.08129947041657916	0.9352037951440063	0.9994446795893159	2_vs_3
NR_039762	0.5673947200613941	-2.4333170930384704	5.311699321005509	-0.4581052024943764	0.6468768614290221	0.9994446795893159	2_vs_3
NM_032796	0.3131848565650011	-2.433305851681789	5.311707532033247	-0.4581023780031717	0.6468788905594687	0.9994446795893159	2_vs_3
NM_018360	127.9549778670687	-0.2535283796412869	0.4771473436827864	-0.5313419072701278	0.595181869971651	0.9994446795893159	2_vs_3
NM_001198719	20.72498066890555	0.39473944911580394	0.9881964608155119	0.399454425074589	0.6895583985177951	0.9994446795893159	2_vs_3
NM_002893	433.8982873489268	-0.33712974733331696	0.543388473812962	-0.6204212337587407	0.5349804963628046	0.9994446795893159	2_vs_3
NM_001037540	5.997223641439377	2.2678968045450008	1.8191727330056762	1.2466638067941647	0.21252079502509758	0.9994446795893159	2_vs_3
NM_000330	1.2225908549005535	-0.02890751223653247	3.8972442994975696	-0.00741742370121863	0.9940818064159486	0.9994446795893159	2_vs_3
NR_029379	11.652895598431995	1.410435988667101	1.36951612337253	1.0298790679395604	0.3030667779504229	0.9994446795893159	2_vs_3
NM_000292	1357.9968372271667	0.012971805196901243	0.3293741942459766	0.03938318612542518	0.9685848850374468	0.9994446795893159	2_vs_3
NM_001173454	3.198695124297453	-0.2687186375403398	2.620617794415248	-0.10254018655944462	0.918327916676464	0.9994446795893159	2_vs_3
NR_037414	0.6986489831718474	0.976864655088945	5.3273498805655	0.1833678427340782	0.8545094058278389	0.9994446795893159	2_vs_3
NR_024440	0.49745994089936535	1.5376860078208459	5.271749433313583	0.29168419843777094	0.770528091928708	0.9994446795893159	2_vs_3
NR_023358	2.2729409345552534	0.7188926068858006	2.7942036035342714	0.2572799655603133	0.7969626571899966	0.9994446795893159	2_vs_3
NM_001412	5841.448988192803	-0.11892115710092968	0.3057933202996924	-0.3888939005743524	0.6973546343594119	0.9994446795893159	2_vs_3
NR_046592	1.0404816690512777	0.6751329558229037	3.932267302619841	0.171690504196676	0.8636808515121446	0.9994446795893159	2_vs_3
NM_153270	5.388893975902998	-1.205082937631103	2.6756220088133866	-0.45039356593031843	0.652426683452491	0.9994446795893159	2_vs_3
NM_206923	90.04556025647354	-0.0921532691174626	0.514354946066673	-0.1791627937519965	0.8578098772678777	0.9994446795893159	2_vs_3
NM_015884	993.4504995317757	-0.2970791216579521	0.31030486991060335	-0.9573782124126459	0.338376391388567	0.9994446795893159	2_vs_3
NM_004595	353.614612004329	0.007905855686374821	0.3368223700159794	0.023471884263505875	0.9812738654118452	0.9994446795893159	2_vs_3
NM_006406	2262.5095578558416	-0.06014363594238842	0.4063581605267608	-0.1480064676550962	0.8823376640113328	0.9994446795893159	2_vs_3
NR_027783	96.50073412347325	0.4247463308143276	0.540692248994232	0.7855602361683914	0.4321251678539739	0.9994446795893159	2_vs_3
NM_001415	18962.944052868188	0.014507428365823676	0.3064267384168818	0.04734387227686012	0.9622391622444821	0.9994446795893159	2_vs_3
NM_001178085	3.4894519558196913	0.4274099418794335	2.011350935528778	0.2124989400554651	0.8317178046146128	0.9994446795893159	2_vs_3
NR_046657	3.053689694373041	-0.22377037558114762	2.1735269195248463	-0.10295265891165772	0.9180005439345543	0.9994446795893159	2_vs_3
NM_139058	2.295421981321051	1.9185336316034205	2.5207915305501962	0.7610838136958811	0.44660700772934914	0.9994446795893159	2_vs_3
NM_002365	0.3131848565650011	-2.433305851681789	5.311707532033247	-0.4581023780031717	0.6468788905594687	0.9994446795893159	2_vs_3
NM_002367	0.8682626533580008	2.022829052955109	4.992875827488428	0.405143072418978	0.6853723472541093	0.9994446795893159	2_vs_3
NM_000475	0.9584908212481617	-0.04620970874965539	4.456932201017741	-0.010368052881554582	0.9917276388888249	0.9994446795893159	2_vs_3
NM_025159	2524.203635121618	0.3126361498097996	0.3129587710212313	0.9989691255165051	0.31780964789700916	0.9994446795893159	2_vs_3
NM_152787	1803.7897033038928	-0.18431985263657902	0.3083923315066231	-0.5976797533716254	0.5500536374912754	0.9994446795893159	2_vs_3
NM_021083	2.4421634016427443	-0.02659654522326929	2.4929093069138744	-0.010668877985053851	0.9914876284616637	0.9994446795893159	2_vs_3
NM_000397	6141.348030729646	0.16451456150944893	0.2780568575076114	0.591657990326477	0.5540796330266531	0.9994446795893159	2_vs_3
NM_006520	773.0867990634952	-0.013336548334334928	0.5006596953896515	-0.026637950802002167	0.9787485036276707	0.9994446795893159	2_vs_3
NM_001034853	7.993019717915133	-0.894401897653779	1.4622025595600474	-0.6116812556550918	0.5407486658799797	0.9994446795893159	2_vs_3
NM_021242	309.42649384433986	0.3475033616493074	0.3632334935257315	0.9566941591103306	0.33872164710766195	0.9994446795893159	2_vs_3
NR_046706	33.9786822918661	0.6189166276750657	0.7609883332751881	0.813306328904327	0.41604244933232093	0.9994446795893159	2_vs_3
NR_110385	0.3529710643675789	2.0255066663275443	5.237819016887912	0.3867080286273452	0.6989723717386527	0.9994446795893159	2_vs_3
NM_001123385	2.9333128640037045	0.0016011647054674392	2.300553824557126	0.0006959909776402103	0.9994446795893159	0.9994446795893159	2_vs_3
NR_110386	0.6676349945447498	0.7833429012160869	4.895311362771075	0.16001901476041397	0.8728660956148606	0.9994446795893159	2_vs_3
NM_005765	4074.536502905963	-0.09329349030489559	0.32617028898367695	-0.28602694192530953	0.7748574865177953	0.9994446795893159	2_vs_3
NM_001195522	0.254209863496393	-0.6646303718876234	5.677291214829594	-0.1170682191097665	0.9068059940039688	0.9994446795893159	2_vs_3
NM_004229	4642.794949079461	-0.1650928997542499	0.2717671275586824	-0.6074792828599243	0.543532887267941	0.9994446795893159	2_vs_3
NM_001289773	31.885316176467303	0.13884738635362423	0.7803502485805249	0.1779295727863108	0.8587782856814445	0.9994446795893159	2_vs_3
NR_027761	0.9917796372031717	-1.7727256099370226	3.620764559758032	-0.48959980155558364	0.6244171169160326	0.9994446795893159	2_vs_3
NR_126094	50.17983341227025	0.03582858991134794	1.015064434439194	0.035296862638225165	0.9718430250256297	0.9994446795893159	2_vs_3
NM_022567	4.723303437143045	1.885014271408062	1.8882035492869897	0.9983109459358172	0.3181286014530692	0.9994446795893159	2_vs_3
NM_001097579	0.3131848565650011	-2.433305851681789	5.311707532033247	-0.4581023780031717	0.6468788905594687	0.9994446795893159	2_vs_3
NM_080817	95.37502516673389	0.30245803215999206	0.6774752803671936	0.446448809166969	0.6552730823314471	0.9994446795893159	2_vs_3
NR_110387	3.142951928186891	0.7831275707711374	2.423890643890662	0.32308700590308603	0.7466293507871367	0.9994446795893159	2_vs_3
NM_173794	674.7481914642842	-0.007301794173566119	0.3444055523523855	-0.021201151153611892	0.9830851960019645	0.9994446795893159	2_vs_3
NM_176819	0.508419726992786	-0.6646303718876237	5.677287094808882	-0.11706830406645088	0.9068059266812544	0.9994446795893159	2_vs_3
NR_029636	0.9590173083024376	-2.4125605011453484	4.893698219280913	-0.49299331365387167	0.6220173118012647	0.9994446795893159	2_vs_3
NR_125365	0.17221901569327688	-1.9953788099609147	5.367868639421211	-0.37172646053724334	0.710096521870611	0.9994446795893159	2_vs_3
NR_029635	7.1152204449560905	0.7580859520856855	1.4999505278475758	0.505407303781903	0.6132727899948409	0.9994446795893159	2_vs_3
NR_015378	144.48289082790612	-0.03762189810516149	0.4339653138030643	-0.0866933298780522	0.9309152784429313	0.9994446795893159	2_vs_3
NM_019886	377.58273504588095	-0.16785378369893794	0.4591216775811969	-0.36559760058215185	0.7146653657993116	0.9994446795893159	2_vs_3
NM_006915	903.4565983348325	-0.41771750066699914	0.286907713992292	-1.455929834909289	0.1454120170797477	0.9994446795893159	2_vs_3
NR_046101	2.2113172875404072	-1.8843948180667822	3.126031052815494	-0.6028074533583347	0.5466367878541714	0.9994446795893159	2_vs_3
NM_019056	0.12162503870148617	0.7046986255717126	5.362826423907578	0.131404332318151	0.8954554616876652	0.9994446795893159	2_vs_3
NM_003334	52.16156055991835	0.05331316198933031	0.9550719310026415	0.05582109604389877	0.9554843289321053	0.9994446795893159	2_vs_3
NM_004651	3433.2657478827987	0.16684048822475522	0.2799779623110001	0.595905787897079	0.5512381664343529	0.9994446795893159	2_vs_3
NM_033018	27.29090112437098	0.45499646490807594	0.7652215083794567	0.594594453926997	0.552114588200896	0.9994446795893159	2_vs_3
NM_001170460	5.307286192523558	2.1736867530157182	1.9161628183885866	1.13439564329074	0.25662862575444867	0.9994446795893159	2_vs_3
NR_024616	45.38204359652784	0.39195051411649	0.7343277878222964	0.5337541634899156	0.5935116300713281	0.9994446795893159	2_vs_3
NM_006201	35.97678340294388	0.12413451249936294	2.8537408923173446	0.04349887294727766	0.9653038629351482	0.9994446795893159	2_vs_3
NM_153280	48.313705502518246	-0.23262857203680626	0.6502534610952423	-0.35775060950076704	0.720529955338008	0.9994446795893159	2_vs_3
NM_003446	4.111145915162164	-1.107304618990244	1.7336829002049137	-0.6387007790521355	0.5230176058170963	0.9994446795893159	2_vs_3
NM_001256197	27.30372382758651	0.9989264791693113	0.8148075689583175	1.2259661265130106	0.22021142238905023	0.9994446795893159	2_vs_3
NM_001256196	0.4835119271145934	2.025492854204473	5.237816067171882	0.386705609404517	0.6989741629352895	0.9994446795893159	2_vs_3
NR_126059	126.17765104059134	-0.15505934180629288	0.4964705412485678	-0.3123233483628978	0.7547947974912084	0.9994446795893159	2_vs_3
NM_001145252	0.5962211417705512	2.800569437490154	5.202460419988167	0.5383163371565879	0.5903586743858239	0.9994446795893159	2_vs_3
NM_003254	2762.0115292255905	0.055107622382503905	0.4552299785120012	0.12105446693698163	0.903647893984142	0.9994446795893159	2_vs_3
NR_045560	4.351608420428787	0.3681239029904389	1.847244066043228	0.1992827638520747	0.8420415612192594	0.9994446795893159	2_vs_3
NM_002621	1.228871252971947	1.3312016912036475	3.315822597977679	0.40146951529178543	0.6880744780091397	0.9994446795893159	2_vs_3
NR_028119	3.5141025353050743	-0.0220513226545757	2.029402416348759	-0.010865919187309232	0.9913304214421056	0.9994446795893159	2_vs_3
NR_046742	1.0577785091736234	0.2713666083350184	4.407978430457198	0.061562598959195025	0.9509111621271186	0.9994446795893159	2_vs_3
NM_021014	0.6263697131300022	-3.507625698825358	5.226748693505886	-0.6710913235953934	0.5021623538867048	0.9994446795893159	2_vs_3
NM_177439	1.0906928549785653	3.0323360908307535	4.674970190987717	0.6486321766663689	0.5165761524821896	0.9994446795893159	2_vs_3
NM_033518	2761.4673333993783	0.09154002670501452	0.27778155455912357	0.3295396155813901	0.7417478556225483	0.9994446795893159	2_vs_3
NM_002536	1322.1705323377475	-0.058487438648811466	0.35506359322010456	-0.16472384036443577	0.8691613514117276	0.9994446795893159	2_vs_3
NM_001282167	24.704557370259078	0.07161202216252205	0.8261824745392301	0.08667821500626814	0.9309272931391008	0.9994446795893159	2_vs_3
NM_006579	3754.057752901246	-0.1500224433511408	0.3485229439539574	-0.43045212934664046	0.6668667819858365	0.9994446795893159	2_vs_3
NM_006743	16750.424758065594	-0.11372467355247659	0.36932511476948116	-0.30792564330064376	0.7581389126954892	0.9994446795893159	2_vs_3
NM_001166426	48.69532982112046	0.28421931187629657	0.6900093375176606	0.4119064720178835	0.6804079768749745	0.9994446795893159	2_vs_3
NM_003173	1.1785464515218982	-2.609779342126818	4.027069031498323	-0.6480592514590732	0.5169466281382253	0.9994446795893159	2_vs_3
NM_000377	4516.915113192091	0.22826781748854896	0.34143452399800817	0.6685551736703714	0.503779275432291	0.9994446795893159	2_vs_3
NM_006044	2292.3158055436393	0.11375990282889221	0.274950748864787	0.41374647386334684	0.6790597878127392	0.9994446795893159	2_vs_3
NM_013271	0.873894627937922	0.5565434505539918	4.77568133625657	0.11653697375676239	0.9072269848901421	0.9994446795893159	2_vs_3
NM_181532	0.37583490219787924	0.7046946220426563	5.362819640260274	0.13140375200245505	0.8954559207322752	0.9994446795893159	2_vs_3
NM_002049	1.4503187875676058	2.3026525683656334	3.8769797226647493	0.5939294845687147	0.5525592775529917	0.9994446795893159	2_vs_3
NM_005710	3.010627828761285	1.3938998217268252	2.225965743652684	0.626200032817897	0.5311837457099021	0.9994446795893159	2_vs_3
NM_001167947	21.44566680175483	0.4819610720907804	0.8739767771841526	0.5514575268734264	0.5813200747534044	0.9994446795893159	2_vs_3
NM_001136159	57.63201327021546	0.10399213859635832	0.6041659394824537	0.17212512622846804	0.8633391596810411	0.9994446795893159	2_vs_3
NM_004979	99.58962822263554	-0.27268059363663	0.49932455127830416	-0.5460989108958282	0.5849979484048305	0.9994446795893159	2_vs_3
NM_001282651	1.2543705167763821	-1.260225653852609	3.6134467855306327	-0.3487599869739179	0.7272695052191789	0.9994446795893159	2_vs_3
NM_006875	7529.064737932061	0.20993779855565803	0.27945044809638964	0.7512523239298765	0.4525008158237528	0.9994446795893159	2_vs_3
NM_017602	0.38270676419551514	0.7046945693101643	5.362819541694371	0.13140374458461035	0.895455926599981	0.9994446795893159	2_vs_3
NM_020137	3120.5953442460864	0.17394947470050573	0.30997992983603484	0.5611636688624229	0.5746859677096288	0.9994446795893159	2_vs_3
NM_007075	4.146404751846922	0.5835047377313556	1.976485635867811	0.2952233637028976	0.7678232553170983	0.9994446795893159	2_vs_3
NM_001029896	7.37073741460718	-0.09493868723483093	1.5382384229626576	-0.06171909751934188	0.9507865313405746	0.9994446795893159	2_vs_3
NM_007213	361.10683580563733	0.19692786906140156	0.41197893972963556	0.47800469895533265	0.6326468605769973	0.9994446795893159	2_vs_3
NM_015698	1233.4703145711385	0.08941571919990829	0.2810628404490532	0.3181342615660223	0.7503830956643135	0.9994446795893159	2_vs_3
NM_001271836	3.2416643611492764	2.170136514627983	2.9539050246706395	0.7346669904764299	0.46254232846426624	0.9994446795893159	2_vs_3
NM_003179	48.744075918135174	0.567455957928817	0.6619742328372819	0.8572175921359493	0.39132464179273774	0.9994446795893159	2_vs_3
NM_001307979	0.4896703887487906	-0.7918263394823999	4.9359164667937465	-0.1604213411651902	0.872549179505563	0.9994446795893159	2_vs_3
NM_006150	4.025035108303057	0.9013824822601858	2.941464633024473	0.3064400204374942	0.7592696411089747	0.9994446795893159	2_vs_3
NM_002668	2589.548321358127	-0.018282119449150137	0.31299410462572297	-0.05841042747757763	0.9534217090288255	0.9994446795893159	2_vs_3
NM_024859	2.15512623237365	0.6853940555131821	2.827933935999111	0.24236565316757727	0.8084968458828716	0.9994446795893159	2_vs_3
NM_014008	1320.867481936747	0.22452440427589904	0.3120090480869729	0.7196086320333652	0.4717659957495396	0.9994446795893159	2_vs_3
NR_046649	0.49745994089936535	1.5376860078208459	5.271749433313583	0.29168419843777094	0.770528091928708	0.9994446795893159	2_vs_3
NM_001098413	0.254209863496393	-0.6646303718876234	5.677291214829594	-0.1170682191097665	0.9068059940039688	0.9994446795893159	2_vs_3
NR_026742	46.21923650777819	0.7339324151710737	0.6451640770223247	1.1375903298250087	0.2552915864304487	0.9994446795893159	2_vs_3
NM_007003	0.3529710643675789	2.0255066663275443	5.237819016887912	0.3867080286273452	0.6989723717386527	0.9994446795893159	2_vs_3
NM_001145073	112.57308574805012	-0.19552548505917466	0.44136930007782255	-0.4429974740533596	0.6577675617523289	0.9994446795893159	2_vs_3
NM_018159	1.2850972045436586	-0.2530097204047551	3.7651181614669293	-0.06719834798124368	0.9464238002737223	0.9994446795893159	2_vs_3
NM_018094	992.909105037545	0.04209293787445181	0.2943366200796279	0.1430095170049322	0.8862826649707327	0.9994446795893159	2_vs_3
NM_001005333	1.1115127307609731	2.79861146555144	4.126673449580086	0.6781761386610844	0.49766001982460206	0.9994446795893159	2_vs_3
NM_001005332	4.400188515839697	-0.06713847356039226	1.7870265268401941	-0.03756993673681272	0.9700305780004106	0.9994446795893159	2_vs_3
NM_018969	1.9548675842407814	3.922101199882896	3.9565036776440685	0.9913048285647853	0.3215367559361003	0.9994446795893159	2_vs_3
NR_106955	0.7479947518314884	-2.1382933719710806	4.883345438961801	-0.4378746903527843	0.6614771236307778	0.9994446795893159	2_vs_3
NR_106954	0.508419726992786	-0.6646303718876237	5.677287094808882	-0.11706830406645088	0.9068059266812544	0.9994446795893159	2_vs_3
NR_110456	62.94914480730299	0.39330069741688894	0.5599162520759419	0.7024277219292883	0.4824124620219642	0.9994446795893159	2_vs_3
NM_001243197	3.918395506249746	1.1291931655873109	2.3178462390285715	0.4871734572266386	0.6261354135034074	0.9994446795893159	2_vs_3
NM_004493	1.5898927241174075	-1.3579121600035295	3.2013021603269944	-0.42417494256925337	0.6714382335851006	0.9994446795893159	2_vs_3
NM_001281463	5.639902434405812	-0.46782865173532084	1.5377541893554556	-0.3042285008707468	0.7609538127297787	0.9994446795893159	2_vs_3
NM_144968	0.5221634509880579	-0.6646303718876241	5.677286943686589	-0.11706830718266309	0.9068059242118564	0.9994446795893159	2_vs_3
NR_029513	0.37583490219787924	0.7046946220426563	5.362819640260274	0.13140375200245505	0.8954559207322752	0.9994446795893159	2_vs_3
NM_198456	49.74073137982426	0.39729622144174287	0.6324844294337619	0.6281517820089679	0.5299045139205381	0.9994446795893159	2_vs_3
NM_058163	2213.254844736344	0.3056181470169471	0.2941370862749964	1.0390330266997232	0.2987893765649182	0.9994446795893159	2_vs_3
NM_004463	128.29017082996617	0.045636862345594706	0.4629521545774656	0.09857792407780729	0.9214733986649308	0.9994446795893159	2_vs_3
NM_001184819	12.764406965250073	-0.25127617929279467	1.1040076811501494	-0.22760365129979573	0.8199543811258789	0.9994446795893159	2_vs_3
NM_014599	1.6460015170515854	3.73584035171314	4.078653550485969	0.9159494194519212	0.35969342476583144	0.9994446795893159	2_vs_3
NM_177433	2.1325015807378054	0.6031711310534312	2.5778123499189816	0.2339856627160578	0.8149961092371776	0.9994446795893159	2_vs_3
NR_002953	1.5115769288785614	-0.11632391208931263	3.7708643406858395	-0.03084807661581265	0.9753906990505096	0.9994446795893159	2_vs_3
NM_201222	24.989159716127592	-0.3472859736444746	0.8133962670135182	-0.42695791427661284	0.6694099816490242	0.9994446795893159	2_vs_3
NM_000032	0.13054086274701449	-0.6646303718876236	5.67729520946088	-0.11706813673878648	0.9068060592776792	0.9994446795893159	2_vs_3
NM_001037968	0.26108172549402897	-0.6646303718876241	5.677291070571182	-0.11706822208443803	0.9068059916467327	0.9994446795893159	2_vs_3
NM_001271805	1.1557962292143589	0.21058678143979598	3.682898237908276	0.05717963620938927	0.9544020995669756	0.9994446795893159	2_vs_3
NM_001271184	0.38475072624340756	-0.6646303718876244	5.677288755066156	-0.11706826983118275	0.9068059538105049	0.9994446795893159	2_vs_3
NM_014481	132.42437225173583	-0.07980405452250958	0.44528005563886525	-0.17922216257364318	0.8577632622446721	0.9994446795893159	2_vs_3
NM_001166703	1.0503801601217115	0.9750605213379242	4.760103350678576	0.2048401997824111	0.8376969780091672	0.9994446795893159	2_vs_3
NM_001015038	1.010707567841895	2.119547494218637	4.732135179977533	0.44790510279309054	0.6542216855403032	0.9994446795893159	2_vs_3
NM_001190708	1.9205264377089621	-0.599990147291797	2.7562641012581834	-0.21768238646576452	0.8276765881645826	0.9994446795893159	2_vs_3
NR_130179	0.13054086274701449	-0.6646303718876236	5.67729520946088	-0.11706813673878648	0.9068060592776792	0.9994446795893159	2_vs_3
NM_201286	142.8990421836625	0.2625138666867789	0.4938312045018321	0.5315862268193402	0.5950126061428709	0.9994446795893159	2_vs_3
NM_014061	707.7918135423469	0.013688123792964678	0.3034067800140433	0.04511475911095697	0.9640158373314272	0.9994446795893159	2_vs_3
NM_016656	2.5566473116851274	0.6966364245364854	2.3624487603287525	0.2948789562062473	0.7680863480558741	0.9994446795893159	2_vs_3
NM_007250	32.11731932525852	-0.14289209613487014	0.8402271039369207	-0.17006365953364633	0.8649600726426723	0.9994446795893159	2_vs_3
NM_013444	2331.5718371321786	-0.03188287216478541	0.3132520074167668	-0.10178026448324327	0.9189310909491581	0.9994446795893159	2_vs_3
NR_002308	187.17084749370215	0.5664693091276826	0.3841370361226891	1.4746542401778684	0.1403055244543629	0.9994446795893159	2_vs_3
NM_001010862	467.5441591019494	0.16361928326323613	0.3231913400479722	0.5062613473459706	0.6126731936641846	0.9994446795893159	2_vs_3
NR_027139	91.45920172154064	0.8470972913154005	0.575657603076714	1.4715297544719714	0.14114790686580314	0.9994446795893159	2_vs_3
NM_019003	0.6389605897398005	-0.6646303718876231	5.677285737274764	-0.11706833205944324	0.9068059044986064	0.9994446795893159	2_vs_3
NM_007157	567.2173981191049	-0.03673979416479026	0.32406809786904184	-0.11337059835996897	0.9097367485126562	0.9994446795893159	2_vs_3
NM_007156	174.05896826801907	-0.20696718240443254	0.4351209632406365	-0.4756543579583242	0.6343206425034628	0.9994446795893159	2_vs_3
NM_001012968	855.7093369091182	0.015849627521726282	0.3053789159207781	0.051901512171973314	0.9586071693627093	0.9994446795893159	2_vs_3
NR_046803	0.38475072624340756	-0.6646303718876244	5.677288755066156	-0.11706826983118275	0.9068059538105049	0.9994446795893159	2_vs_3
NM_152424	1072.8630976421434	0.16216044629223617	0.2852946926650451	0.568396294993904	0.5697659056397825	0.9994446795893159	2_vs_3
NM_031206	3.8182808935578088	0.7608848891799544	1.8895446320418066	0.402681617717469	0.6871824586029657	0.9994446795893159	2_vs_3
NM_001010888	52.53177572413495	0.04906656073074364	0.6316289820001427	0.07768256702750945	0.9380805616921036	0.9994446795893159	2_vs_3
NR_033742	1.0252553664673445	0.21471233663535583	3.804420684916357	0.05643759048168366	0.954993211788854	0.9994446795893159	2_vs_3
NM_002444	52116.2138564219	0.015609718550837755	0.3380064330722539	0.04618172029732033	0.9631654120177701	0.9994446795893159	2_vs_3
NR_029637	10.245852899927295	0.4399852582382862	1.4947677502086687	0.294350248175253	0.7684902798785676	0.9994446795893159	2_vs_3
NM_021783	0.8024423737822769	2.6687338975708204	5.08284888682455	0.5250468697758356	0.5995506090389076	0.9994446795893159	2_vs_3
NM_001199687	0.8134021598756976	1.7966679524402585	4.587798286523193	0.39161877664020867	0.695339912145389	0.9994446795893159	2_vs_3
NM_001242310	6.1044443952657375	0.7436977391587357	1.7541726063600998	0.4239592708621218	0.6715955170312973	0.9994446795893159	2_vs_3
NM_173834	22.59630763196958	-0.30878828208034337	0.8415894327305664	-0.36691083570104843	0.7136855285975194	0.9994446795893159	2_vs_3
NM_004429	65.34900228617714	0.5118540327589309	0.7214156211616461	0.7095133758466825	0.4780059539517243	0.9994446795893159	2_vs_3
NM_015686	0.729750232208917	3.104765023955391	5.192956724684922	0.5978800110535814	0.5499199983489682	0.9994446795893159	2_vs_3
NM_001002254	0.254209863496393	-0.6646303718876234	5.677291214829594	-0.1170682191097665	0.9068059940039688	0.9994446795893159	2_vs_3
NM_001551	4098.676481713689	-0.09099812508183437	0.31534218519897234	-0.2885694631196173	0.7729108666710226	0.9994446795893159	2_vs_3
NM_198512	9.126048963446769	1.2386308316205563	1.4972519854575856	0.8272694534060075	0.40808435338912663	0.9994446795893159	2_vs_3
NM_001013579	0.7329204661517629	0.5306522851960399	4.823254600405105	0.11001954679138658	0.9123938729204221	0.9994446795893159	2_vs_3
NM_016484	1384.27810114701	0.2316374063146358	0.2936229370865619	0.7888941123368289	0.43017389715489585	0.9994446795893159	2_vs_3
NM_002565	1.8823713204227621	-0.25679079947072636	3.1146251752473	-0.08244677449842332	0.9342914419571756	0.9994446795893159	2_vs_3
NM_004312	12.905404802943721	-0.14578664738158736	1.2046578023620491	-0.12101913680028818	0.9036758776233113	0.9994446795893159	2_vs_3
NM_001032726	5.8819043034766345	-0.4463221279787046	1.5225876276766308	-0.29313395161351924	0.7694197663907307	0.9994446795893159	2_vs_3
NR_046586	0.9878437300115946	2.799987059738747	4.763553799135875	0.5877937308583928	0.5566707524974777	0.9994446795893159	2_vs_3
NM_020730	1.2893637210341713	0.5219525985140832	3.7561203551739255	0.13896056280388128	0.8894813129464013	0.9994446795893159	2_vs_3
NR_109801	2.7129266244310326	-0.7540896931829962	2.1642069658500382	-0.34843695870224295	0.72751205040922	0.9994446795893159	2_vs_3
NM_001166278	3.6045092955899634	0.21379363977254692	1.8839377230921521	0.11348232860990877	0.9096481722993177	0.9994446795893159	2_vs_3
NM_021120	0.254209863496393	-0.6646303718876234	5.677291214829594	-0.1170682191097665	0.9068059940039688	0.9994446795893159	2_vs_3
NM_000206	13561.518839356766	-0.2006785746562702	0.28262950235307044	-0.7100411421507429	0.47767862345865153	0.9994446795893159	2_vs_3
NM_181303	0.25216590144850065	0.7046971646667128	5.362822215601732	0.13140416302009422	0.8954555956067698	0.9994446795893159	2_vs_3
NM_005938	7.630754945495191	0.2798364045997329	1.4094745247780605	0.19853952638398817	0.842622962623963	0.9994446795893159	2_vs_3
NM_005120	3652.31199685665	-0.0007982164116315155	0.3275729046938946	-0.0024367595738036415	0.9980557490817683	0.9994446795893159	2_vs_3
NM_001025265	0.25216590144850065	0.7046971646667128	5.362822215601732	0.13140416302009422	0.8954555956067698	0.9994446795893159	2_vs_3
NM_201599	10.77318562571976	-0.222356533246691	1.2123031397833457	-0.18341661087047006	0.8544711433605391	0.9994446795893159	2_vs_3
NM_001145408	21.654966411739213	0.11692295497071455	0.8818976414081842	0.1325810949942172	0.894524684423736	0.9994446795893159	2_vs_3
NM_001171163	6.731230705281479	-0.7236567070589339	1.506727919575274	-0.48028359842361107	0.6310257498307728	0.9994446795893159	2_vs_3
NM_001171162	13.284192522154262	0.26004626388740415	1.0753755017399316	0.2418190329486357	0.8089203903668735	0.9994446795893159	2_vs_3
NR_104396	0.34443803138655377	-2.725299641657205	5.282318797476696	-0.5159286567404924	0.6059042384570295	0.9994446795893159	2_vs_3
NR_002226	1.166042614944341	-3.6108441088474845	4.579039093565664	-0.788559353843766	0.43036959523646856	0.9994446795893159	2_vs_3
NM_052957	104.23875139734612	0.2786922211204538	0.46333854343088277	0.6014872388056076	0.5475155088445283	0.9994446795893159	2_vs_3
NM_001142797	25.803089753605118	-0.791198221132243	1.2552656318621267	-0.6303034202876551	0.528496085643007	0.9994446795893159	2_vs_3
NR_002309	58.69103834247434	-0.4157911282604719	0.7936922832943488	-0.5238694353114575	0.600369354789121	0.9994446795893159	2_vs_3
NM_207422	205.75640323421484	-0.6368699722846645	0.5243387884198419	-1.2146154096361035	0.22451280882014601	0.9994446795893159	2_vs_3
NM_001024455	47.549554966982384	1.1666201903730604	0.9336804849238575	1.249485460187378	0.21148756823642723	0.9994446795893159	2_vs_3
NM_001007	86198.73156293179	0.051992645741911765	0.4064281483579224	0.12792579931280806	0.8982076938882694	0.9994446795893159	2_vs_3
NM_001166420	0.6097862733710953	-0.35388553929028704	4.996298482385658	-0.07082954321842518	0.9435334187782937	0.9994446795893159	2_vs_3
NR_027291	9.534261850065663	0.7290141621978492	3.298258880411811	0.22103000056406322	0.8250690735421834	0.9994446795893159	2_vs_3
NM_021963	227.55259870514888	0.15496811295708154	0.4661773662394652	0.3324230736622202	0.7395698179744283	0.9994446795893159	2_vs_3
NR_001564	1842.6429419595977	-0.4167579337891191	3.4953694584178714	-0.11923143997995525	0.9050919988057984	0.9994446795893159	2_vs_3
NR_030398	2.9184122636610383	-0.4895652252567791	3.133156446890882	-0.15625304179833988	0.875833568826468	0.9994446795893159	2_vs_3
NM_001307944	0.254209863496393	-0.6646303718876234	5.677291214829594	-0.1170682191097665	0.9068059940039688	0.9994446795893159	2_vs_3
NR_030737	33.091637332404765	-0.08224634637443076	0.7654534360172911	-0.10744787664990359	0.91443367424532	0.9994446795893159	2_vs_3
NM_001300888	1.155413438149856	3.3855622603886752	4.484418356269538	0.7549612884925013	0.4502722099694678	0.9994446795893159	2_vs_3
NM_016500	46.08108252580977	0.05145232885321743	0.7525617749857314	0.06836957518097829	0.9454914406296107	0.9994446795893159	2_vs_3
NM_020932	115.75138130132224	-0.07875005211203924	0.7393934666046604	-0.10650628612349558	0.9151806681740754	0.9994446795893159	2_vs_3
NM_003868	0.6263697131300022	-3.507625698825358	5.226748693505886	-0.6710913235953934	0.5021623538867048	0.9994446795893159	2_vs_3
NM_001866	5389.255141629098	-0.19284300815139313	0.31362207100074885	-0.6148897860920404	0.5386275085731136	0.9994446795893159	2_vs_3
NM_001029891	7198.728728316216	-0.5833656365934254	0.33232880211518884	-1.755386932701742	0.0791931456847705	0.9994446795893159	2_vs_3
NM_015975	1376.6935568085228	0.21292475320035345	0.4262333082293357	0.4995497749457648	0.6173921303878915	0.9994446795893159	2_vs_3
NM_001282188	0.3131848565650011	-2.433305851681789	5.311707532033247	-0.4581023780031717	0.6468788905594687	0.9994446795893159	2_vs_3
NM_005296	1.4721212392551941	-3.7092493961320496	4.771395379627603	-0.777393005821611	0.4369269376590861	0.9994446795893159	2_vs_3
NM_152694	5.973337371259831	-2.172166342278447	1.7736367007350389	-1.224696321055066	0.22068966079341268	0.9994446795893159	2_vs_3
NM_014499	87.01779083181049	-0.051514651530215595	0.48441904414968595	-0.10634315919730339	0.9153100896225412	0.9994446795893159	2_vs_3
NM_032553	390.9784874572005	0.5151135222681318	0.3355306726813568	1.5352203664471515	0.12472970722432869	0.9994446795893159	2_vs_3
NM_004867	106.13135980239734	-0.18723474332724305	0.511769736714874	-0.36585739619761554	0.714471488482609	0.9994446795893159	2_vs_3
NR_110646	0.6527043137350724	-0.6646303718876237	5.677285615505949	-0.1170683345703743	0.906805902508855	0.9994446795893159	2_vs_3
NM_001012980	0.6785947806381706	-0.6266350034916861	4.6245965232432225	-0.13550047022312509	0.8922161925019967	0.9994446795893159	2_vs_3
NM_021998	242.40958348974038	0.44273068713787256	0.4164337142732753	1.0631480400439925	0.28771482152335137	0.9994446795893159	2_vs_3
NM_004538	8.423372125993437	0.4346986327513242	1.274307439990741	0.34112539808641673	0.7330091818266649	0.9994446795893159	2_vs_3
NM_013347	7.589111688953884	0.37351621102647564	1.3256033905959488	0.2817707118707313	0.778119329886774	0.9994446795893159	2_vs_3
NR_125391	3.264389833201484	1.22623372116257	2.810116997746998	0.436363938635188	0.6625726985611552	0.9994446795893159	2_vs_3
NM_001306206	1.643957555003693	3.883981767207248	3.7049740702531833	1.0483155060088807	0.2944932678682547	0.9994446795893159	2_vs_3
NR_103709	0.24325007740297233	1.5377046531701197	5.271754471772187	0.29168745650121203	0.7705256006370385	0.9994446795893159	2_vs_3
NM_001167972	0.17648553218378946	0.9768490191733945	5.327361795793595	0.18336449759141568	0.8545120303698617	0.9994446795893159	2_vs_3
NM_024917	15.906703974266243	-0.39610749700196657	1.0191691576204862	-0.3886572646358156	0.6975296995206113	0.9994446795893159	2_vs_3
NM_006733	877.5131518595473	-0.25787345518864274	0.317887512612058	-0.8112097674731409	0.4172452173785193	0.9994446795893159	2_vs_3
NM_001939	0.13054086274701449	-0.6646303718876236	5.67729520946088	-0.11706813673878648	0.9068060592776792	0.9994446795893159	2_vs_3
NM_001287344	2.7939028995070436	0.3577106276932314	3.3114426746001104	0.10802259403038844	0.9139777696344008	0.9994446795893159	2_vs_3
NM_001287345	0.5876881087895262	-0.522964616599127	4.84381440607254	-0.10796545299991311	0.9140230964912628	0.9994446795893159	2_vs_3
NM_000169	1038.3697566911137	-0.21105975690076312	0.31248920066513936	-0.675414562972155	0.4994124156948241	0.9994446795893159	2_vs_3
NM_004085	488.2566865094973	0.06266745584828971	0.35578104432559315	0.17614051352027502	0.8601835532809358	0.9994446795893159	2_vs_3
NM_021029	23.43107929219008	-0.09051575806678419	0.8762347180143268	-0.10330081222061806	0.9177242310104885	0.9994446795893159	2_vs_3
NM_001145951	26.722851302899418	-0.11231867055199868	0.8242370657762692	-0.13626986120336215	0.8916079488767346	0.9994446795893159	2_vs_3
NM_001199972	205.47299791250384	0.6150135334966789	0.44924316921291574	1.368999187175615	0.17099952898846849	0.9994446795893159	2_vs_3
NM_001256155	150.38784017878132	-0.03520731860358432	0.6049937311254876	-0.058194518045810356	0.9535936872897127	0.9994446795893159	2_vs_3
NM_016608	99.54124726671405	0.5993333919770916	0.9356102107333321	0.6405802171689999	0.5217954560220064	0.9994446795893159	2_vs_3
NR_045863	0.508419726992786	-0.6646303718876237	5.677287094808882	-0.11706830406645088	0.9068059266812544	0.9994446795893159	2_vs_3
NM_177948	7.689251999040592	-0.021147814217782366	1.3836997885525129	-0.015283527823549845	0.9878059838425323	0.9994446795893159	2_vs_3
NM_177949	0.2981105708852756	1.798442647170835	5.252230944564688	0.34241499777003664	0.7320386033334587	0.9994446795893159	2_vs_3
NM_014782	0.42865143363229014	1.7984418457131148	5.252227162389285	0.34241509175223633	0.7320385326161745	0.9994446795893159	2_vs_3
NM_001011657	0.13054086274701449	-0.6646303718876236	5.67729520946088	-0.11706813673878648	0.9068060592776792	0.9994446795893159	2_vs_3
NM_001282400	0.6159447350052925	-3.1596848367011825	5.247914814577865	-0.6020838653714586	0.5471183139365163	0.9994446795893159	2_vs_3
NM_080390	18.713715489067962	1.380383106135631	1.2439490859976643	1.1096781384975614	0.26713774663695955	0.9994446795893159	2_vs_3
NM_001012978	4.244709863867203	2.2548908422217826	1.9481152905868666	1.1574729961400285	0.24707916579636968	0.9994446795893159	2_vs_3
NM_001006938	2.731366469396926	0.7075090729767742	2.6744391156440748	0.26454484188412253	0.7913601162727011	0.9994446795893159	2_vs_3
NM_021992	2.0029433850156964	0.8734797620621267	3.1049247735561547	0.28132074873482577	0.7784643974729004	0.9994446795893159	2_vs_3
NM_001184727	0.12162503870148617	0.7046986255717126	5.362826423907578	0.131404332318151	0.8954554616876652	0.9994446795893159	2_vs_3
NR_038988	60.98370864576112	-0.5855739258357199	0.5556623410775373	-1.05383050559118	0.2919605243106418	0.9994446795893159	2_vs_3
NM_001031834	2.6622190319164805	-1.0825983996393702	2.302677270050835	-0.4701476901343931	0.6382495039150364	0.9994446795893159	2_vs_3
NM_018476	2.608924743198313	3.9793994345776835	4.129318850702427	0.9636939113822026	0.3351994078006949	0.9994446795893159	2_vs_3
NM_153333	0.49745994089936535	1.5376860078208459	5.271749433313583	0.29168419843777094	0.770528091928708	0.9994446795893159	2_vs_3
NM_001080425	4.121192697782583	-0.3256692615967585	2.417636980417791	-0.13470560892085617	0.8928446383368752	0.9994446795893159	2_vs_3
NM_001012979	0.13054086274701449	-0.6646303718876236	5.67729520946088	-0.11706813673878648	0.9068060592776792	0.9994446795893159	2_vs_3
NM_152278	1.63089224384718	2.008467087408442	4.1795466273200645	0.48054663974314266	0.6308387476216755	0.9994446795893159	2_vs_3
NM_014380	0.8573028672645803	2.800263397120415	4.953789541070349	0.5652770215416482	0.5718853555537331	0.9994446795893159	2_vs_3
NM_080879	17.927031897154542	0.20294587379736628	0.9567870074449693	0.21211186211581048	0.8320197656287973	0.9994446795893159	2_vs_3
NM_001305840	13.714853021429485	0.31382973654436264	1.1051986570178038	0.28395776139574797	0.7764427502921805	0.9994446795893159	2_vs_3
NM_001006640	0.8634613288987775	0.5681595777745108	4.077789374693401	0.13933029040207093	0.8891891550403407	0.9994446795893159	2_vs_3
NM_001006933	0.254209863496393	-0.6646303718876234	5.677291214829594	-0.1170682191097665	0.9068059940039688	0.9994446795893159	2_vs_3
NM_001300901	0.6471979098268451	-3.2956632544345026	5.239046804915283	-0.6290577994727029	0.5293112168612609	0.9994446795893159	2_vs_3
NM_182541	1.0377243066399466	-0.6903020447398481	3.4576114463875034	-0.19964708453897345	0.8417566008823647	0.9994446795893159	2_vs_3
NM_001128834	0.38475072624340756	-0.6646303718876244	5.677288755066156	-0.11706826983118275	0.9068059538105049	0.9994446795893159	2_vs_3
NR_038978	37.648921542400785	0.3656573199749183	0.7702617980789179	0.47471823331611535	0.6349878200809997	0.9994446795893159	2_vs_3
NM_016370	66.92465990854045	0.5235933484339119	0.6840619254828346	0.7654180548995497	0.4440226451797801	0.9994446795893159	2_vs_3
NM_194324	15.561782782925384	2.673818626996225	1.896675830439186	1.4097393893489365	0.1586166493794684	0.9994446795893159	2_vs_3
NM_001002916	0.8364829914821722	3.0357228691724414	5.194939785210857	0.5843615122959938	0.5589771152074319	0.9994446795893159	2_vs_3
NM_001143978	14.498333446263835	0.3925936202411262	1.0663588038819085	0.3681627786181837	0.712751862482418	0.9994446795893159	2_vs_3
NR_039980	82.93908200818888	0.006320503885898056	0.5483840908766007	0.011525687909353153	0.9908040351658781	0.9994446795893159	2_vs_3
NM_207318	2223.184516822062	-0.19710197231465412	0.3107864386483367	-0.6342039027567749	0.5259477609092719	0.9994446795893159	2_vs_3
NM_001012755	303.26457706273555	0.4449196962173948	0.3870066279282599	1.1496436084290274	0.2502906892564939	0.9994446795893159	2_vs_3
NR_039765	2.3905950785404833	0.3353831606444159	2.894773064262326	0.11585818756741871	0.907764933953013	0.9994446795893159	2_vs_3
NM_018015	27.698425384350514	-0.4622397784247652	0.796107089971786	-0.5806251247443945	0.5614931351857767	0.9994446795893159	2_vs_3
NM_017681	4.741438936803068	0.9787098087886771	2.3029132286959912	0.4249877053955978	0.6708456373304453	0.9994446795893159	2_vs_3
NM_032428	5.163504075182079	2.1312324323541487	2.0023972696449577	1.0643404606379805	0.2871744951388171	0.9994446795893159	2_vs_3
NM_002764	683.1236433922837	-0.09120993193644289	0.3199293983065244	-0.28509393766012914	0.7755721744607185	0.9994446795893159	2_vs_3
NM_004089	177.39112763029763	0.2787560700424236	0.5484259980532887	0.5082838359813456	0.6112543041541356	0.9994446795893159	2_vs_3
NM_001015881	3.3357817139351327	0.4086394658170843	1.951446857199023	0.20940332774606948	0.8341333951859742	0.9994446795893159	2_vs_3
NM_031273	0.49745994089936535	1.5376860078208459	5.271749433313583	0.29168419843777094	0.770528091928708	0.9994446795893159	2_vs_3
NM_002814	8.761268722441839	-0.3224617597190065	1.428318843049996	-0.22576314895519392	0.821385639986671	0.9994446795893159	2_vs_3
NM_003604	0.254209863496393	-0.6646303718876234	5.677291214829594	-0.1170682191097665	0.9068059940039688	0.9994446795893159	2_vs_3
NR_106735	5.621937930938187	2.0937503877799832	2.665977253876901	0.7853594342319395	0.4322428578602022	0.9994446795893159	2_vs_3
NM_001242618	1.3655705773531583	-0.3406617176260261	3.1233622558247687	-0.10906891027152707	0.9131478337543648	0.9994446795893159	2_vs_3
NM_001242617	1.9180430286390349	3.3833944227559107	3.5866425952659955	0.9433319135900656	0.3455111570762148	0.9994446795893159	2_vs_3
NM_012282	23.92897399343154	-0.4422361449636281	0.8437846577487648	-0.5241101990921754	0.6002018951651718	0.9994446795893159	2_vs_3
NM_020769	15.479499215463909	-0.3175040124028734	1.2645392882305384	-0.2510827582487806	0.8017501259305703	0.9994446795893159	2_vs_3
NR_002718	0.6263697131300022	-3.507625698825358	5.226748693505886	-0.6710913235953934	0.5021623538867048	0.9994446795893159	2_vs_3
NM_014289	0.8874514386240312	-3.50762448347067	5.226742440299775	-0.6710918939540272	0.5021619905637873	0.9994446795893159	2_vs_3
NR_033974	0.254209863496393	-0.6646303718876234	5.677291214829594	-0.1170682191097665	0.9068059940039688	0.9994446795893159	2_vs_3
NM_001257239	1.1592056493516598	-1.5669390158087149	4.013286905306779	-0.39043782634546953	0.6962128215360815	0.9994446795893159	2_vs_3
NM_178175	83.13167166561612	-0.03824419711776055	0.6352016870019888	-0.06020795898427897	0.9519900068638918	0.9994446795893159	2_vs_3
NM_001113490	60.288280265480694	-0.6346688569198149	0.8182067436406857	-0.7756827499316343	0.43793632753358325	0.9994446795893159	2_vs_3
NM_133265	32.36225274333024	-1.370062951313956	0.8291288388849417	-1.6524126131669625	0.09845046600412496	0.9994446795893159	2_vs_3
NR_130730	6.9881330454369595	0.3692904826555428	1.8970588060928633	0.19466475233634145	0.8456554075371034	0.9994446795893159	2_vs_3
NM_000686	7.553971245591548	1.9058760510298551	1.4971548535566062	1.2729986123361259	0.2030185342725883	0.9994446795893159	2_vs_3
NM_007231	0.7832451764820868	-0.6646303718876244	5.677284530404131	-0.11706835694569521	0.9068058847778507	0.9994446795893159	2_vs_3
NM_006667	95.13454042734558	0.12567115169159862	0.47632927224096594	0.26383251883798564	0.7919089756817933	0.9994446795893159	2_vs_3
NR_110396	0.8890825291404089	1.5423138043018227	4.9389456385680415	0.31227592226526085	0.7548308369990375	0.9994446795893159	2_vs_3
NM_001152	20782.97746017227	0.1578620159666531	0.30184090533743124	0.5229974240574763	0.6009760458352149	0.9994446795893159	2_vs_3
NR_028443	49.7936983294283	0.25395588872987246	0.6801039185363317	0.3734074776049183	0.7088451950055279	0.9994446795893159	2_vs_3
NR_030413	0.9062357643927065	3.4120698990477654	5.185172155097199	0.6580437055872072	0.5105100474860435	0.9994446795893159	2_vs_3
NM_001173488	7.563981988241848	-0.5562719958076398	1.3606495835325405	-0.40882825566553105	0.6826657025209603	0.9994446795893159	2_vs_3
NM_001173487	1.4356573734193951	0.3126418702228545	3.5353129164268906	0.08843400219826618	0.9295317373059531	0.9994446795893159	2_vs_3
NM_001170569	0.5564349339679735	-0.2309707806879102	4.875846971143377	-0.04737039165807699	0.9622180265534264	0.9994446795893159	2_vs_3
NM_001000	11794.07465815119	-0.24741589956214444	0.26846251302597646	-0.9216031570791577	0.3567356111289117	0.9994446795893159	2_vs_3
NM_001105576	108.46947130283642	-0.2724264698474057	0.6382666894329098	-0.42682232107311197	0.6695087473425585	0.9994446795893159	2_vs_3
NR_002584	4.956085045742743	-1.1986158578665371	2.305909291000964	-0.5198018250519448	0.6032017071814563	0.9994446795893159	2_vs_3
NM_006978	1327.241408852321	-0.028449411565569273	0.30836841123220854	-0.0922578660112699	0.9264931635989982	0.9994446795893159	2_vs_3
NM_004541	4022.0193610131755	-0.06773010780278992	0.26725426818896164	-0.25342947097444096	0.7999363562652033	0.9994446795893159	2_vs_3
NM_080632	0.4375672576778184	0.9768600552811566	5.327353335392138	0.18336686038664105	0.8545101765607587	0.9994446795893159	2_vs_3
NM_139282	2.2925389571183006	0.683745488103529	2.840055998966386	0.24075070644817292	0.8097483364979973	0.9994446795893159	2_vs_3
NR_126557	2.0932802613709502	-1.5065090616599783	2.6795823814763127	-0.5622178560638128	0.5739675970440958	0.9994446795893159	2_vs_3
NM_001184742	1.7122045876918124	0.32689356938973996	2.9683363101570444	0.11012686408584382	0.9123087632719851	0.9994446795893159	2_vs_3
NR_027131	80.3083420308165	0.09853408612011202	0.5151931739190919	0.19125658317745148	0.8483245747415218	0.9994446795893159	2_vs_3
NM_001079872	88.7287805098987	0.0670335435959761	0.589091425042373	0.11379140952722985	0.9094031485638311	0.9994446795893159	2_vs_3
NM_003588	0.5673947200613941	-2.4333170930384704	5.311699321005509	-0.4581052024943764	0.6468768614290221	0.9994446795893159	2_vs_3
NM_014060	252.73519511514345	0.06919274764002724	0.350459569251986	0.19743432256026244	0.8434876726667858	0.9994446795893159	2_vs_3
NM_001137554	9.041178725675401	-0.0720294099685477	1.2463811459642506	-0.05779083725855212	0.953915236790594	0.9994446795893159	2_vs_3
NM_152692	1.6757371257597968	-1.957236406273451	3.363814561743859	-0.5818502686006527	0.5606675408568338	0.9994446795893159	2_vs_3
NM_012084	294.2314461677722	-0.049848616354014906	0.37625768865893705	-0.13248530955390186	0.8946004418757177	0.9994446795893159	2_vs_3
NM_001256743	2.6774370135859784	-1.3534526813628218	2.476491457229369	-0.5465202302280613	0.5847083854819031	0.9994446795893159	2_vs_3
NR_130770	5.05208397714493	-3.4175869666048464	1.9739925187766154	-1.7313069497968008	0.08339703256828991	0.9994446795893159	2_vs_3
NM_001122716	0.24325007740297233	1.5377046531701197	5.271754471772187	0.29168745650121203	0.7705256006370385	0.9994446795893159	2_vs_3
NM_000276	0.38475072624340756	-0.6646303718876244	5.677288755066156	-0.11706826983118275	0.9068059538105049	0.9994446795893159	2_vs_3
NM_017413	102.2178419573756	-0.8751454782288475	0.624280871340275	-1.4018457370798318	0.16096131721236173	0.9994446795893159	2_vs_3
NM_016032	8.781796481426483	-0.3220541124785012	1.3107276443334313	-0.24570635545135036	0.8059095520589891	0.9994446795893159	2_vs_3
NM_018990	13655.589965927633	0.2004305841819119	0.30060113601615557	0.6667658906356891	0.5049216833926231	0.9994446795893159	2_vs_3
NM_006649	54.54644906663677	-0.2893043107175619	0.5776169429978568	-0.5008584222202003	0.6164707658251964	0.9994446795893159	2_vs_3
NM_001130846	2.2250694235698387	3.6402065845004206	3.4470760733554613	1.0560273423141955	0.2909557231968084	0.9994446795893159	2_vs_3
NM_001421	4.459997020473752	1.2620840461026714	2.6657614394267997	0.4734422320903736	0.6358977057796643	0.9994446795893159	2_vs_3
NM_001127197	2.00626563586275	1.1833156280312191	3.4162964373342843	0.34637381437383497	0.729061801656146	0.9994446795893159	2_vs_3
NM_017666	360.4650414901976	0.1046087645347962	0.4022977249863288	0.26002822794573616	0.7948419995779509	0.9994446795893159	2_vs_3
NM_004794	1104.4135451802838	-0.38200725964527993	0.3380556306766229	-1.1300130066778868	0.2584707438820978	0.9994446795893159	2_vs_3
NM_178471	0.254209863496393	-0.6646303718876234	5.677291214829594	-0.1170682191097665	0.9068059940039688	0.9994446795893159	2_vs_3
NM_001282197	2.7629592179635925	-0.9419855640514356	2.147387404297914	-0.4386658700549736	0.660903660679989	0.9994446795893159	2_vs_3
NM_016024	1409.4916830443337	-0.38309708761859346	0.3181454299669475	-1.2041571292046969	0.2285288523912251	0.9994446795893159	2_vs_3
NR_027141	575.6650656792143	-0.4467404976002025	0.31809745264030465	-1.404413942620797	0.1601956214293213	0.9994446795893159	2_vs_3
NR_073150	0.3131848565650011	-2.433305851681789	5.311707532033247	-0.4581023780031717	0.6468788905594687	0.9994446795893159	2_vs_3
NM_016521	1.409614889612089	-3.5016990798736543	4.8811872860048195	-0.7173867493086389	0.4731354933981774	0.9994446795893159	2_vs_3
NM_001448	827.2712412557731	1.688343690981319	1.5851406066950442	1.0651065803565838	0.28682770180899997	0.9994446795893159	2_vs_3
NR_029491	0.6263697131300022	-3.507625698825358	5.226748693505886	-0.6710913235953934	0.5021623538867048	0.9994446795893159	2_vs_3
NR_029852	0.26108172549402897	-0.6646303718876241	5.677291070571182	-0.11706822208443803	0.9068059916467327	0.9994446795893159	2_vs_3
NR_029950	0.41546909309624924	0.20695591863108928	4.936968716491403	0.04191963338551765	0.9665627649756273	0.9994446795893159	2_vs_3
NR_029949	0.13054086274701449	-0.6646303718876236	5.67729520946088	-0.11706813673878648	0.9068060592776792	0.9994446795893159	2_vs_3
NR_029509	0.254209863496393	-0.6646303718876234	5.677291214829594	-0.1170682191097665	0.9068059940039688	0.9994446795893159	2_vs_3
NM_032458	44.9343916204414	-0.8417639461598956	0.725279660614858	-1.1606060280889272	0.24580215286683094	0.9994446795893159	2_vs_3
NM_032335	0.5638416039343203	-1.9953747485844946	5.367859887019973	-0.3717263100345656	0.710096633937876	0.9994446795893159	2_vs_3
NR_038998	2.4745045380975283	1.1749679357180762	2.832673484153524	0.4147911654100109	0.6782947875078345	0.9994446795893159	2_vs_3
NR_024607	10.80035057283783	-0.47762118171330953	1.1813744663562336	-0.40429279226463904	0.685997425108064	0.9994446795893159	2_vs_3
NM_138819	2.562270965350614	-0.1002225812295815	2.8303040041007055	-0.03541053578851364	0.9717523836374019	0.9994446795893159	2_vs_3
NM_001170781	76.00056061754664	0.33458142755656206	0.522242807673961	0.640662585755404	0.5217419274863506	0.9994446795893159	2_vs_3
NM_001170780	8.105312556063085	-0.17030758786841088	1.31575683337359	-0.1294369776759917	0.8970118898154815	0.9994446795893159	2_vs_3
NM_001170779	2.155956882494348	-0.5150713380605503	2.6289857220381663	-0.1959201732222541	0.8446726473071311	0.9994446795893159	2_vs_3
NM_001166599	229.7487500440736	0.27705798227282663	0.39067042769910965	0.7091859599012542	0.4782090850421833	0.9994446795893159	2_vs_3
NM_001163438	22.33919766510128	-0.6551813050801197	0.9868060344853264	-0.6639413240129128	0.5067278662425341	0.9994446795893159	2_vs_3
NM_019556	8.692591298297588	0.24253808694277487	1.2974549623544855	0.18693372331216962	0.8517125978490006	0.9994446795893159	2_vs_3
NM_001078171	833.5247472927822	0.3368973126997837	0.3907452375133261	0.8621917309697064	0.3885820192837609	0.9994446795893159	2_vs_3
NM_001078173	9.211065734097806	-0.3503197443920557	1.535526100064661	-0.2281431389393536	0.8195349642451913	0.9994446795893159	2_vs_3
NM_001078172	65.39808976032502	0.08272455998732038	0.5655608321270558	0.1462699594598799	0.8837082796498249	0.9994446795893159	2_vs_3
NR_024493	2.592097339445289	-1.6527243617473388	2.7534738461366572	-0.6002324532939518	0.5483513279912856	0.9994446795893159	2_vs_3
NM_152695	130.36744293924195	-0.24793562503131572	0.4526481315863013	-0.5477447220701598	0.5838671994451475	0.9994446795893159	2_vs_3
NM_007131	93.48687684361342	-0.08618226918558866	0.49356986301203615	-0.17461007173261514	0.8613860340735109	0.9994446795893159	2_vs_3
NR_046740	0.8550803128219601	0.4564153382103822	3.790561384800217	0.1204083754033277	0.9041596570617494	0.9994446795893159	2_vs_3
NR_024359	3.8084730767541135	-0.4442958426288618	1.923703306295695	-0.23095861049612837	0.8173469567815569	0.9994446795893159	2_vs_3
NM_001017417	1.6797080204760535	0.05608227361283257	3.577428232408443	0.01567670124162802	0.987492314429721	0.9994446795893159	2_vs_3
NM_173470	1594.4569723620516	-0.1822158299860646	0.33179789841041535	-0.5491771673631093	0.5828838720305599	0.9994446795893159	2_vs_3
NM_001173517	19.42106414676758	0.9583982852639602	0.9406719215163163	1.0188443636321896	0.30827686038818203	0.9994446795893159	2_vs_3
NM_014500	0.17221901569327688	-1.9953788099609147	5.367868639421211	-0.37172646053724334	0.710096521870611	0.9994446795893159	2_vs_3
NM_001163280	5.961213948099569	0.8667747491719032	2.1830979928919882	0.3970388649497458	0.6913388009844798	0.9994446795893159	2_vs_3
NM_001727	0.34443803138655377	-2.725299641657205	5.282318797476696	-0.5159286567404924	0.6059042384570295	0.9994446795893159	2_vs_3
NM_000074	1.3743644649614906	-3.1483359396597166	4.424562754036327	-0.7115586589403967	0.4767381147225628	0.9994446795893159	2_vs_3
NM_001164803	2197.5140558516855	0.117102441423046	0.3711050303381345	0.31555067123813285	0.7523435845123507	0.9994446795893159	2_vs_3
NR_002735	0.25216590144850065	0.7046971646667128	5.362822215601732	0.13140416302009422	0.8954555956067698	0.9994446795893159	2_vs_3
NR_028597	13.82304738671485	0.17585404599097249	1.0853509728543822	0.162025050319429	0.8712861272062984	0.9994446795893159	2_vs_3
NM_173694	10.6102347118038	-0.35464847278472417	1.20319899812175	-0.2947546277368474	0.7681813290857796	0.9994446795893159	2_vs_3
NM_001271560	1.12934437885203	2.017415512783653	4.610812193341553	0.4375401617305062	0.6617196564871601	0.9994446795893159	2_vs_3
NM_004065	1.3867594638159486	3.7132500647376254	4.26763341384145	0.8700958364170263	0.38424803285634956	0.9994446795893159	2_vs_3
NM_032461	0.6389605897398005	-0.6646303718876231	5.677285737274764	-0.11706833205944324	0.9068059044986064	0.9994446795893159	2_vs_3
NM_022661	0.13054086274701449	-0.6646303718876236	5.67729520946088	-0.11706813673878648	0.9068060592776792	0.9994446795893159	2_vs_3
NM_012317	17.694365543631022	2.703844465771848	1.4024466203119046	1.927948220354021	0.05386156704611657	0.9994446795893159	2_vs_3
NR_024499	0.13054086274701449	-0.6646303718876236	5.67729520946088	-0.11706813673878648	0.9068060592776792	0.9994446795893159	2_vs_3
NM_152578	0.5962211417705512	2.800569437490154	5.202460419988167	0.5383163371565879	0.5903586743858239	0.9994446795893159	2_vs_3
NM_001171909	19.79638972590355	0.7415754615898418	0.9307423293769097	0.7967569951248412	0.42559217557942	0.9994446795893159	2_vs_3
NR_104128	11.279465900459973	0.1215944974775054	1.2382812092205644	0.09819619047117982	0.921776507409869	0.9994446795893159	2_vs_3
NR_027455	42.57747623091587	0.5371565139853506	0.7086300369804852	0.7580210913359057	0.44843835644503915	0.9994446795893159	2_vs_3
NM_001282302	5.109536559735664	-0.006107716351206327	1.6122324532088899	-0.0037883596370051342	0.9969773335649178	0.9994446795893159	2_vs_3
NM_005366	0.38270676419551514	0.7046945693101643	5.362819541694371	0.13140374458461035	0.895455926599981	0.9994446795893159	2_vs_3
NR_102703	0.3070263949308039	0.9768554421715031	5.327356800237753	0.1833658751987303	0.8545109495224046	0.9994446795893159	2_vs_3
NM_001166401	0.7059421287351578	3.0357241439896927	5.194943279491043	0.5843613646320903	0.5589772145335213	0.9994446795893159	2_vs_3
NM_001013845	831.6347051600827	0.2675993324072027	0.3958193120531613	0.6760643663876164	0.4989997793825738	0.9994446795893159	2_vs_3
NM_001301228	2.1533598579016595	0.3673961639225106	2.563618248663309	0.14331157305268594	0.8860441162041315	0.9994446795893159	2_vs_3
NM_001017980	2757.4998503039787	0.04043805297890696	0.35853395016732026	0.11278723523960665	0.9101992385672167	0.9994446795893159	2_vs_3
NM_018558	3.7020394442316054	-0.9423245620180404	2.7198809795774155	-0.3464580138225196	0.72899853268461	0.9994446795893159	2_vs_3
NR_073432	0.12162503870148617	0.7046986255717126	5.362826423907578	0.131404332318151	0.8954554616876652	0.9994446795893159	2_vs_3
NM_001129765	1.2292841245034616	-2.2619421573687504	3.6799464476109027	-0.6146671397452672	0.5387745650913278	0.9994446795893159	2_vs_3
NM_013364	0.13054086274701449	-0.6646303718876236	5.67729520946088	-0.11706813673878648	0.9068060592776792	0.9994446795893159	2_vs_3
NM_032882	3.672408524738259	1.1355129202585434	2.285932155874512	0.4967395542953631	0.6193727254778745	0.9994446795893159	2_vs_3
NM_004988	0.24325007740297233	1.5377046531701197	5.271754471772187	0.29168745650121203	0.7705256006370385	0.9994446795893159	2_vs_3
NM_001080485	2400.5453861256697	-0.013275825437660203	0.3024035379500337	-0.04390102552257102	0.9649832978418382	0.9994446795893159	2_vs_3
NM_080701	10.296282880740307	0.5831120347945903	1.332690370980536	0.437545019827495	0.6617161341184824	0.9994446795893159	2_vs_3
NM_001136273	26.010221220359085	0.06125291232157226	0.9660922328847767	0.06340275828392643	0.9494457908795854	0.9994446795893159	2_vs_3
NM_017518	31.565518798794244	0.17593008168269467	0.7495029558381966	0.2347290031510891	0.8144190753034256	0.9994446795893159	2_vs_3
NM_152274	0.17221901569327688	-1.9953788099609147	5.367868639421211	-0.37172646053724334	0.710096521870611	0.9994446795893159	2_vs_3
NR_131982	8.15500557585053	0.29052094449444466	1.347011123167861	0.21567820747553004	0.829238589346396	0.9994446795893159	2_vs_3
NM_001711	1.2527394262600045	-4.522814411757217	5.187135669484019	-0.871929076072752	0.38324707042402706	0.9994446795893159	2_vs_3
NM_001142806	0.26108172549402897	-0.6646303718876241	5.677291070571182	-0.11706822208443803	0.9068059916467327	0.9994446795893159	2_vs_3
NM_005745	0.7059421287351578	3.0357241439896927	5.194943279491043	0.5843613646320903	0.5589772145335213	0.9994446795893159	2_vs_3
NM_000033	288.5333580590328	-0.012340080856125507	0.4786746857949792	-0.025779681320793467	0.9794330684198758	0.9994446795893159	2_vs_3
NM_001139457	29.34091650299021	0.06920485037036177	0.9036731613310078	0.07658172592890873	0.9389562968506907	0.9994446795893159	2_vs_3
NM_001256447	0.6974090957541327	-0.03517551269164063	4.806859555165884	-0.0073177741700062495	0.994161313080461	0.9994446795893159	2_vs_3
NR_037927	55.94155805609159	-0.35343285250545464	0.5807893522833938	-0.6085387948589638	0.5428301839182732	0.9994446795893159	2_vs_3
NM_174869	23.87066734598108	0.5380465686527276	0.8271998321722559	0.6504432758887273	0.5154059311478936	0.9994446795893159	2_vs_3
NM_006280	0.12162503870148617	0.7046986255717126	5.362826423907578	0.131404332318151	0.8954554616876652	0.9994446795893159	2_vs_3
NM_001303513	0.42642887918966993	-1.995375575985838	5.367861670099887	-0.3717263406954947	0.7100966111071424	0.9994446795893159	2_vs_3
NM_001204527	0.873894627937922	0.5565434505539918	4.77568133625657	0.11653697375676239	0.9072269848901421	0.9994446795893159	2_vs_3
NM_005334	7729.718142844126	0.3669601626283163	0.3525541786683855	1.0408617592176694	0.29793971189864843	0.9994446795893159	2_vs_3
NR_027419	2.16336364358042	2.206492532101621	2.743380102438373	0.8042970531646142	0.42122543914855604	0.9994446795893159	2_vs_3
NM_002910	246.52048648362992	-0.3969456202415883	0.403165097286405	-0.9845733743156878	0.32483367354112247	0.9994446795893159	2_vs_3
NM_001164741	9.092521513709322	-0.539097527506845	1.3632572222718906	-0.39544813605199913	0.6925121903330644	0.9994446795893159	2_vs_3
NM_003492	131.04880243462014	0.146571531868146	0.5232964624006065	0.2800927244869067	0.7794063664187623	0.9994446795893159	2_vs_3
NR_130768	0.9584908212481617	-0.04620970874965539	4.456932201017741	-0.010368052881554582	0.9917276388888249	0.9994446795893159	2_vs_3
NR_046608	11.455568679717539	-0.6233494085663535	1.139969633091177	-0.5468122926012159	0.5845076969667267	0.9994446795893159	2_vs_3
NM_004992	1292.1508555064577	-0.15703147474303922	0.3258266045636242	-0.4819479825883145	0.6298428989318067	0.9994446795893159	2_vs_3
NM_001316337	3.777811365858803	-0.7236145845792491	1.9752195386923566	-0.3663464087937787	0.7141066037198044	0.9994446795893159	2_vs_3
NM_001303624	217.85586474427205	0.722606705513014	0.8059731135487118	0.8965642815693514	0.36995146482022867	0.9994446795893159	2_vs_3
NM_000117	2240.6566881466074	-0.03853700427618958	0.34265519402408073	-0.11246584014565184	0.9104540534835154	0.9994446795893159	2_vs_3
NM_001110556	1.1812954930187944	-2.4893217126595957	3.7476320250933557	-0.6642385634426275	0.5065376352862601	0.9994446795893159	2_vs_3
NR_000011	182.13855642874373	0.3901792281955764	0.40707605176844175	0.9584922190842196	0.3378146131865709	0.9994446795893159	2_vs_3
NM_006014	628.6798373747283	0.32016838403532394	0.33204736810623964	0.9642250316915176	0.33493311717718877	0.9994446795893159	2_vs_3
NM_014235	1819.1023545589271	-0.13861125379074174	0.2824846699154645	-0.49068593291176515	0.6236485973350272	0.9994446795893159	2_vs_3
NR_024048	3.598877321010042	0.4799662618877441	1.8904914435936384	0.2538843873185564	0.7995848768090243	0.9994446795893159	2_vs_3
NM_001493	4244.774202108395	0.14397983383417937	0.2698670163200138	0.533521420281481	0.5936726872961242	0.9994446795893159	2_vs_3
NM_019848	4.907462769222004	1.313709102211692	2.770765199496111	0.47413223699020113	0.6354056115809688	0.9994446795893159	2_vs_3
NM_001183	2722.9989197509753	0.1465723810204963	0.30472025592823115	0.4810063596658883	0.6305119787653037	0.9994446795893159	2_vs_3
NR_106917	0.3131848565650011	-2.433305851681789	5.311707532033247	-0.4581023780031717	0.6468788905594687	0.9994446795893159	2_vs_3
NM_004699	2603.063153805059	0.1623979303766138	0.28233652214698385	0.5751927846304976	0.5651609220642257	0.9994446795893159	2_vs_3
NM_017514	665.4763253903087	-0.17623182129074866	0.41205905271315935	-0.4276858380622118	0.6688798618647964	0.9994446795893159	2_vs_3
NM_001282311	3.319507767454327	0.18489719928666035	2.320931478010628	0.07966508319545214	0.9365036307299685	0.9994446795893159	2_vs_3
NR_103768	68.23948699756414	-0.184473601550228	0.5976508001788325	-0.3086645270031074	0.7575767303620096	0.9994446795893159	2_vs_3
NM_003639	8.531463938796577	0.4909229222037334	1.478670093271087	0.3320030102980731	0.7398869859278525	0.9994446795893159	2_vs_3
NM_001099856	0.34443803138655377	-2.725299641657205	5.282318797476696	-0.5159286567404924	0.6059042384570295	0.9994446795893159	2_vs_3
NR_110023	0.6849052591765755	0.9768644866499799	5.327350007076258	0.18336780676179004	0.8545094340510757	0.9994446795893159	2_vs_3
NM_001288747	10.520659783343053	0.19367152995591133	1.2640263561562664	0.15321795230982393	0.8782264009307571	0.9994446795893159	2_vs_3
NR_104114	0.17221901569327688	-1.9953788099609147	5.367868639421211	-0.37172646053724334	0.710096521870611	0.9994446795893159	2_vs_3
NR_110021	6.251376454250816	0.0023877490747703663	1.5551576373980558	0.0015353743037685393	0.9987749490292869	0.9994446795893159	2_vs_3
NR_110022	8.112849732185383	-2.7792592092939628	1.6459368732293564	-1.6885575956755914	0.09130424271207523	0.9994446795893159	2_vs_3
NM_001162936	0.13054086274701449	-0.6646303718876236	5.67729520946088	-0.11706813673878648	0.9068060592776792	0.9994446795893159	2_vs_3
NM_012151	235.55032827875695	0.5585082793267643	0.8230273089814345	0.6786023662057645	0.4973898431756435	0.9994446795893159	2_vs_3
NM_019863	0.4792454106240808	-0.3538914907760626	4.996300572712725	-0.07083070476360841	0.9435324943211936	0.9994446795893159	2_vs_3
NM_023934	3317.150891562575	-0.17342470181143113	0.26310277400023874	-0.6591519320555463	0.5097982102279945	0.9994446795893159	2_vs_3
NM_001018025	54.16858773473399	-0.9775839043553674	0.6981435014981238	-1.4002621269948103	0.16143483764846522	0.9994446795893159	2_vs_3
NM_001018024	745.1469773607009	-0.10261646024489036	0.31637070393721484	-0.3243551282335391	0.7456691873392316	0.9994446795893159	2_vs_3
NM_024332	1.0226500209602212	1.461873674135643	3.8778518749387216	0.37698027704029924	0.7061882621075886	0.9994446795893159	2_vs_3
NM_171998	631.9242383665381	0.0713917117828529	0.3115821955952493	0.22912641605360523	0.8187706625000853	0.9994446795893159	2_vs_3
NM_001303544	0.43069539568018245	0.9768598944997231	5.327353456152632	0.18336682604972165	0.8545102035009181	0.9994446795893159	2_vs_3
NM_176786	5.725581682291615	-1.5059709153973737	1.7962532680393688	-0.8383956439735019	0.40180853511016135	0.9994446795893159	2_vs_3
NM_002186	3.1043706202773484	-2.3395959624141733	2.317915154679916	-1.0093535812518777	0.31280509178347715	0.9994446795893159	2_vs_3
NR_110561	5.799766125449248	0.12348082372685568	1.6860672937743941	0.07323599964413885	0.9416183197179796	0.9994446795893159	2_vs_3
NM_033031	12.220534128674643	1.1897758132199792	1.0956820483197165	1.0858768883222647	0.2775334632965194	0.9883777259522915	1_vs_3
NM_001146257	0.24325007740297233	-0.8503272893648489	5.674669378041732	-0.1498461377600624	0.8808860076067832	0.9883777259522915	1_vs_3
NM_014467	0.6263697131300022	-3.6933187724330265	5.223902943613785	-0.7070037120326104	0.47956417098399706	0.9883777259522915	1_vs_3
NM_000351	2034.8394997978928	0.02409817003828818	0.44011675914251464	0.054754038644742736	0.9563344172838056	0.9883777259522915	1_vs_3
NM_006125	6.208919924069147	0.43392220233966416	1.5341054858443692	0.2828503035440448	0.7772915914890851	0.9883777259522915	1_vs_3
NM_014728	1.2127006847445545	0.4985626064082453	3.573871190148417	0.13950211965740736	0.8890533810742169	0.9883777259522915	1_vs_3
NR_109776	0.26108172549402897	1.6098080308373608	5.250979923268886	0.3065728786552299	0.75916849985718	0.9883777259522915	1_vs_3
NM_001171942	0.13054086274701449	0.6060962462352261	5.348477094959249	0.11332127547231162	0.9097758504972489	0.9883777259522915	1_vs_3
NM_198279	415.0426003811511	0.4361675515239164	0.3827929072048642	1.1394347787392178	0.2545218569788189	0.9883777259522915	1_vs_3
NM_033215	28.307659404484458	-3.063337831949152	1.2443089003026955	-2.4618789041884632	0.013821132281770687	0.9883777259522915	1_vs_3
NM_012278	5.3941607181382025	1.623007910851229	1.7497338616861	0.9275741564990039	0.3536285085042169	0.9883777259522915	1_vs_3
NM_006517	1.36707973143234	-1.252503245905103	3.955467346137811	-0.31665114038371966	0.7515083265830975	0.9883777259522915	1_vs_3
NM_002547	2.4906218642241558	2.257979894012357	2.7547001077452893	0.8196826535359251	0.41239704127027355	0.9883777259522915	1_vs_3
NM_153252	1977.4073248828545	0.21254907107024146	0.2914335792514324	0.729322515326438	0.4658044027625572	0.9883777259522915	1_vs_3
NM_000489	8.054183550724852	1.3155996340873795	1.3557360176816362	0.9703951336611301	0.33184957340250365	0.9883777259522915	1_vs_3
NM_000390	1023.7830391285578	-0.13948736422179228	0.2873938225619665	-0.4853526877451122	0.6274261872702823	0.9883777259522915	1_vs_3
NM_001145414	70.51497148788305	-0.39559162985885093	0.5489138066419377	-0.7206807791535467	0.4711059408603566	0.9883777259522915	1_vs_3
NM_006729	62.41333050133727	0.15390904153087756	0.5575434064668648	0.2760485367519533	0.7825107870442561	0.9883777259522915	1_vs_3
NR_024608	16.117390773466028	-0.6311508744208545	1.0437727223355713	-0.6046822846726402	0.5453901212027585	0.9883777259522915	1_vs_3
NM_198465	0.24325007740297233	-0.8503272893648489	5.674669378041732	-0.1498461377600624	0.8808860076067832	0.9883777259522915	1_vs_3
NM_017416	0.37583490219787924	1.5748323096085406	5.253381801096413	0.2997749581574031	0.7643488178487287	0.9883777259522915	1_vs_3
NM_017698	0.8364829914821722	0.606134388602457	5.348471999832824	0.11332851487703459	0.909770111259737	0.9883777259522915	1_vs_3
NM_032227	68.05763610127225	0.5095352504036864	0.7181099607858143	0.7095504563759448	0.4779829519120967	0.9883777259522915	1_vs_3
NM_002578	0.3737909401499868	0.6061189471595344	5.34847406249979	0.1133255840968301	0.9097724347159085	0.9883777259522915	1_vs_3
NM_001081550	4601.69768500137	0.18795840807589462	0.3385559944383263	0.5551767245702525	0.5787737875518592	0.9883777259522915	1_vs_3
NM_001184772	17.48615964374176	-0.17716301451329597	1.196611837209914	-0.1480538709414567	0.8823002537983874	0.9883777259522915	1_vs_3
NR_110381	0.6140527898616078	1.6098228344360888	5.250978918671925	0.306575756514986	0.7591663090684737	0.9883777259522915	1_vs_3
NR_027456	45.493225234475354	0.961809908534139	0.6949257018587158	1.384047108865867	0.1663440305112731	0.9883777259522915	1_vs_3
NM_001173473	0.9370711606250762	2.903449999377665	4.3778171259791465	0.6632186580265791	0.507190523523181	0.9883777259522915	1_vs_3
NM_145177	695.4659221142236	-0.1108316479828997	0.32882917523865995	-0.3370493141384414	0.736079725468553	0.9883777259522915	1_vs_3
NM_001171135	6.713766493261869	-6.499151263979386	3.1987363337489803	-2.0317871139951875	0.0421752122823319	0.9883777259522915	1_vs_3
NR_033380	17.847910072792324	1.567925076848519	1.0081120817445657	1.5553082888711953	0.11987266420747926	0.9883777259522915	1_vs_3
NR_033381	36.23222578883042	1.4612485210060229	0.743476220307695	1.9654273816602645	0.04936479290422129	0.9883777259522915	1_vs_3
NM_005044	2743.3793443902746	-0.49378566026130283	0.34196829632554127	-1.4439515755321277	0.14875259726828455	0.9883777259522915	1_vs_3
NM_001282146	0.4896703887487906	-2.618995522460178	5.308903463125292	-0.4933213686500913	0.6217855319908098	0.9883777259522915	1_vs_3
NM_001178135	4.485220742315204	-0.7044676118003816	2.4994326323178564	-0.2818510099818499	0.7780577554951134	0.9883777259522915	1_vs_3
NM_001135565	0.38270676419551514	1.6098144959336973	5.2509794845235245	0.30657413548812834	0.7591675430850517	0.9883777259522915	1_vs_3
NM_000216	11.902479844293504	0.1075631840729312	1.5433175651796947	0.06969607973094454	0.944435562117414	0.9883777259522915	1_vs_3
NM_001649	2.1775808329069335	-2.3687808583293264	2.923521103878292	-0.8102492761851259	0.41779692176291183	0.9883777259522915	1_vs_3
NM_005647	1.8153193832240333	-2.428769613791669	3.49111506268265	-0.6957002476811374	0.4866165703959924	0.9883777259522915	1_vs_3
NM_001139468	0.3070263949308039	0.6061135562948392	5.348474782619272	0.11332456091304807	0.9097732458730201	0.9883777259522915	1_vs_3
NM_001830	9.34717209705092	1.6440571090928162	1.6549483292916003	0.9934189968314925	0.32050580765260783	0.9883777259522915	1_vs_3
NM_015691	3093.890967411566	-0.23764250189607677	0.51837666238604	-0.4584359581355964	0.6466392628658878	0.9883777259522915	1_vs_3
NM_013423	0.9203657844289731	-0.18333744762673854	4.6130083212457365	-0.03974357617833833	0.9682975603370242	0.9883777259522915	1_vs_3
NM_001287242	0.508419726992786	2.5739633830317805	5.203041561820956	0.4947035983566019	0.6208093611393013	0.9883777259522915	1_vs_3
NM_021109	366260.56475576345	-0.06344760791684516	0.27940364101852533	-0.22708225163264203	0.8203597847164957	0.9883777259522915	1_vs_3
NM_003611	2142.095074858015	0.1423684853186726	0.2893478924857092	0.4920322180183294	0.6226965678319131	0.9883777259522915	1_vs_3
NM_017856	3.0478573678458147	0.25707311257186005	2.5405515078266063	0.10118791600166424	0.9194012891151497	0.9883777259522915	1_vs_3
NM_001001994	0.873894627937922	-2.910977718512937	5.279495724474628	-0.5513741975428181	0.5813771847695819	0.9883777259522915	1_vs_3
NM_002641	49.30555943714544	0.715988188470099	0.646406075429053	1.1076445839325701	0.26801534078249045	0.9883777259522915	1_vs_3
NM_021804	1.7392395810659493	-4.70178230650784	4.532787586268387	-1.0372827354079872	0.2996041094162849	0.9883777259522915	1_vs_3
NM_003662	0.13054086274701449	0.6060962462352261	5.348477094959249	0.11332127547231162	0.9097758504972489	0.9883777259522915	1_vs_3
NR_037859	1.1833394550666867	-1.0271522938735431	3.479251008008049	-0.2952222451066016	0.7678241097690457	0.9883777259522915	1_vs_3
NM_175859	19.63966533843912	-1.8474561543844257	1.3234967034665657	-1.3958902576375751	0.16274754485676102	0.9883777259522915	1_vs_3
NM_001144002	1.6919377744542006	0.12962590065583687	2.8532040899930697	0.04543169593457008	0.9637632173600522	0.9883777259522915	1_vs_3
NM_019857	2.254539490970806	-1.1423291315025053	2.258342258371207	-0.5058263986639437	0.6129785246820496	0.9883777259522915	1_vs_3
NM_001037343	0.17648553218378946	-0.8503306544178918	5.674670540637309	-0.1498467000557169	0.8808855639685412	0.9883777259522915	1_vs_3
NM_006089	3.998023828974691	-1.037606525724844	1.8157569202043442	-0.5714457228162855	0.5676975428296678	0.9883777259522915	1_vs_3
NM_001024666	7.829764650644441	-0.7056322443642666	1.4013942045451675	-0.5035215944776115	0.6145976017603108	0.9883777259522915	1_vs_3
NM_031892	509.9559719891827	-0.7483097286772655	0.5141508462801536	-1.4554283710534281	0.1455507068217465	0.9883777259522915	1_vs_3
NM_001184960	0.25216590144850065	0.6061084700786703	5.34847546204396	0.11332359555166424	0.9097740111899201	0.9883777259522915	1_vs_3
NM_001001671	17.703753231592657	-0.06795023945899846	0.9625949345609308	-0.07059068879267753	0.9437235211933982	0.9883777259522915	1_vs_3
NM_001168465	13.000822780391301	0.36415778323062536	1.215352518465692	0.2996314054545691	0.7644583260980724	0.9883777259522915	1_vs_3
NM_004586	3717.598528234236	0.06762804194420133	0.2643894380184919	0.2557894991987966	0.7981133826654766	0.9883777259522915	1_vs_3
NR_045617	0.254209863496393	1.5748242270191148	5.253382362807919	0.2997733875547135	0.7643500159473218	0.9883777259522915	1_vs_3
NM_000444	0.34870454787706634	-2.1810709396006693	5.365093182634926	-0.4065299269470457	0.6843532724085242	0.9883777259522915	1_vs_3
NM_024122	10.809043852517775	-1.1571074394513643	1.234901748923765	-0.9370036445893776	0.3487566831860236	0.9883777259522915	1_vs_3
NM_030624	1129.5256596521142	0.24047655066375567	0.2910791508326891	0.8261551882909692	0.40871606462041066	0.9883777259522915	1_vs_3
NM_001037171	0.3131848565650011	-2.6190053710538406	5.308907100214166	-0.4933228857872061	0.6217844601791374	0.9883777259522915	1_vs_3
NM_001142386	3790.883480406887	0.3694819000781582	0.33334077858094596	1.1084209428293392	0.26768006438465375	0.9883777259522915	1_vs_3
NM_005391	10.432709000617857	-0.2343160741906863	1.248490072558105	-0.1876795653733812	0.8511278500747806	0.9883777259522915	1_vs_3
NM_016937	3392.5511769462046	0.11786327767496849	0.30527109323025214	0.38609380412599226	0.6994271983619316	0.9883777259522915	1_vs_3
NM_004019	5.041655364785722	1.3043503133273493	1.8984808769137285	0.6870494874026704	0.49205154379670757	0.9883777259522915	1_vs_3
NM_001304548	0.17221901569327688	-2.181080956832157	5.365096756753665	-0.40653152323610553	0.6843520997696819	0.9883777259522915	1_vs_3
NR_110412	0.254209863496393	1.5748242270191148	5.253382362807919	0.2997733875547135	0.7643500159473218	0.9883777259522915	1_vs_3
NM_001173486	0.254209863496393	1.5748242270191148	5.253382362807919	0.2997733875547135	0.7643500159473218	0.9883777259522915	1_vs_3
NM_000328	133.85480828178223	-0.0727096046270134	0.5749837107900018	-0.12645506866118636	0.899371713473146	0.9883777259522915	1_vs_3
NM_004615	8.483968790190508	1.8775730170205314	1.4784685428650697	1.2699445152766333	0.2041043949304716	0.9883777259522915	1_vs_3
NM_000531	0.12162503870148617	-0.8503322872810664	5.674671104779214	-0.14984697290472315	0.8808853486970112	0.9883777259522915	1_vs_3
NR_038968	0.24325007740297233	-0.8503272893648489	5.674669378041732	-0.1498461377600624	0.8808860076067832	0.9883777259522915	1_vs_3
NM_144970	2421.2066480001977	-0.1967163760473498	0.2991003874561281	-0.6576934845201564	0.5107351098811888	0.9883777259522915	1_vs_3
NM_001039590	0.24325007740297233	-0.8503272893648489	5.674669378041732	-0.1498461377600624	0.8808860076067832	0.9883777259522915	1_vs_3
NM_003688	2.6901498266329735	3.040094489241163	2.5637604145353223	1.185795081320879	0.23570323444380037	0.9883777259522915	1_vs_3
NM_000898	0.24325007740297233	-0.8503272893648489	5.674669378041732	-0.1498461377600624	0.8808860076067832	0.9883777259522915	1_vs_3
NM_025184	10.509052140356454	1.1208916709773797	1.482086863192317	0.75629283196199	0.4494736448310429	0.9883777259522915	1_vs_3
NM_014735	1.57983675667308	-2.9250767696218447	4.728922266917259	-0.618550402083195	0.5362125843693715	0.9883777259522915	1_vs_3
NM_001039891	0.7479947518314884	-3.6933068794678867	5.223900058814309	-0.7070018258171218	0.47956534315152677	0.9883777259522915	1_vs_3
NM_007137	466.0853167963517	0.43595184902762923	0.3943372420928546	1.1055305015420676	0.26892978533427425	0.9883777259522915	1_vs_3
NM_007130	1.5336750934601309	1.0465754619778502	2.9263644152958377	0.3576367510852362	0.720615171573228	0.9883777259522915	1_vs_3
NM_006950	0.17221901569327688	-2.181080956832157	5.365096756753665	-0.40653152323610553	0.6843520997696819	0.9883777259522915	1_vs_3
NM_001282163	0.26108172549402897	1.6098080308373608	5.250979923268886	0.3065728786552299	0.75916849985718	0.9883777259522915	1_vs_3
NM_001272102	0.17221901569327688	-2.181080956832157	5.365096756753665	-0.40653152323610553	0.6843520997696819	0.9883777259522915	1_vs_3
NM_020717	0.8528577583793399	0.5133066103495821	4.768955136297941	0.10763502605479602	0.9142852116091151	0.9883777259522915	1_vs_3
NM_001242491	2.707037429458302	-2.3679839542767005	2.4167968916237124	-0.979802631525971	0.3271835529024265	0.9883777259522915	1_vs_3
NM_022117	1193.2999236490025	0.2772896330112307	0.307488598963259	0.9017883392950232	0.3671693152572836	0.9883777259522915	1_vs_3
NM_001184898	11.436427456704857	1.035806680098168	1.2074983809317563	0.8578120653867016	0.39099624634245955	0.9883777259522915	1_vs_3
NM_031407	29869.35313621724	0.21963586076412606	0.2933930057882845	0.7486063281365939	0.45409451684633795	0.9883777259522915	1_vs_3
NM_001184896	1.689867236915788	1.905241848047493	3.283287782948283	0.5802847554035149	0.5617226060343918	0.9883777259522915	1_vs_3
NM_017848	8.575785929751135	0.26902294638968005	1.4407815043712684	0.1867201553972453	0.8518800522996164	0.9883777259522915	1_vs_3
NM_174912	134.764157710631	0.3322838988684733	0.5976161801792338	0.5560155663268965	0.5782002134329228	0.9883777259522915	1_vs_3
NR_015367	1303.3832460359042	-0.04033621728558578	0.28796402875552946	-0.140073805259301	0.8886016768971704	0.9883777259522915	1_vs_3
NM_015185	39.57482981776812	0.8096247061507843	0.6824527553561658	1.1863454280117143	0.23548591339350833	0.9883777259522915	1_vs_3
NR_015353	558.6530799690952	0.10441730613266667	0.3018018662550131	0.345979656880045	0.7293580031767037	0.9883777259522915	1_vs_3
NM_001173479	9.216116049155127	1.0037948180778746	1.4201737563462928	0.7068112712210344	0.4796837692304734	0.9883777259522915	1_vs_3
NM_130388	3.8756631974914857	-1.8870394613156254	2.497797030924907	-0.7554815054836043	0.4499601251592811	0.9883777259522915	1_vs_3
NM_017677	121.53444724864875	0.3180368268524757	0.4586493349103635	0.6934204470494467	0.4880457341618507	0.9883777259522915	1_vs_3
NM_138737	1.1959303316764849	2.2472119398212116	3.994819999870895	0.562531463218327	0.5737539731172234	0.9883777259522915	1_vs_3
NM_000044	0.9590173083024376	1.1700620153190324	4.322884310968712	0.2706669739808128	0.7866471798683191	0.9883777259522915	1_vs_3
NM_012310	2726.351184519415	-0.09369119875573267	0.29444173272916246	-0.3181994545654744	0.7503336464749337	0.9883777259522915	1_vs_3
NM_001170747	10.155347409100132	-1.7994829982669074	1.639642660004792	-1.0974848618915833	0.2724294946857939	0.9883777259522915	1_vs_3
NM_017669	1018.8937565224211	0.0036355720281581	0.3301469865847943	0.011011980044907504	0.9912138887113918	0.9972456819214524	1_vs_3
NM_181672	0.47032958657855245	-2.1810661787295884	5.365091356417441	-0.40652917794600296	0.6843538226272512	0.9883777259522915	1_vs_3
NM_001013627	9.52390200014696	0.12356971088527736	1.518286997421238	0.08138758422824971	0.9351337227046003	0.9883777259522915	1_vs_3
NR_104395	0.5063757649448938	2.1713440768843357	5.21931919064362	0.4160205570061287	0.6773949607358959	0.9883777259522915	1_vs_3
NR_028379	172.2609252332512	-0.6648937493896941	0.4477287520566406	-1.4850369701197585	0.1375340310003219	0.9883777259522915	1_vs_3
NR_024582	144.2320036447579	-0.6832526468157865	0.5339363215119582	-1.2796519346745434	0.20066757596547002	0.9883777259522915	1_vs_3
NR_029423	17.923789954046878	0.5225072053636279	0.9438276917256315	0.5536044449048858	0.5798495833856077	0.9883777259522915	1_vs_3
NM_001039840	1.1343765685912734	3.171241513313545	4.51889614791312	0.7017734883723898	0.48282043478576286	0.9883777259522915	1_vs_3
NR_003255	3.61800122052383	1.3911290037511008	2.6063849701434494	0.5337388834292335	0.5935222031891649	0.9883777259522915	1_vs_3
NM_001008537	392.1704483026205	-0.7343172522413492	0.6067839848806268	-1.2101790267022494	0.22621020414676418	0.9883777259522915	1_vs_3
NM_032121	5832.767158344171	-0.036391815111244126	0.29739270834736914	-0.12236956081901214	0.9026063442578478	0.9883777259522915	1_vs_3
NM_000291	84840.54464996977	0.10454246225666654	0.32746282742800864	0.31924986135914857	0.7495370496436604	0.9883777259522915	1_vs_3
NM_000052	43.38783510211482	0.9936297516087844	0.6510063559557515	1.5262980806846695	0.12693564644285468	0.9883777259522915	1_vs_3
NM_003022	7843.797247771042	-0.005011405380736557	0.28165747181328843	-0.017792552594019705	0.9858043459899342	0.9949952153952345	1_vs_3
NM_030763	1387.7102413366026	-0.6354623682768809	0.3655937872701239	-1.7381651176893793	0.08218172356669896	0.9883777259522915	1_vs_3
NM_014496	171.45700134339822	1.9679291695272298	0.6221089185053115	3.1633193336231327	0.0015598113277977667	0.9883777259522915	1_vs_3
NM_198450	1284.309488240069	0.3378015248916926	0.3167106545727992	1.0665934979274447	0.28615543787747466	0.9883777259522915	1_vs_3
NM_024921	34.77949673631291	-0.18733239565125118	0.8072747314682858	-0.23205531939607182	0.8164950475993848	0.9883777259522915	1_vs_3
NM_007309	10.847369544891967	0.2494235251634635	1.1655057408487708	0.21400454448368716	0.8305435132926204	0.9883777259522915	1_vs_3
NR_028407	9.572126001352133	1.0526590069962123	1.620509311943269	0.6495852873155621	0.5159601391813469	0.9883777259522915	1_vs_3
NM_212559	23.270136466099675	1.1480860548306322	1.144958968517996	1.002731177621748	0.3159905827445969	0.9883777259522915	1_vs_3
NM_001199818	19.85029678498074	0.4743339151532029	0.8977758125370608	0.5283433887718177	0.5972610219229667	0.9883777259522915	1_vs_3
NR_131236	3.557725655118055	1.1435375542101702	1.9708148117678936	0.5802359244420204	0.561755530703074	0.9883777259522915	1_vs_3
NR_131237	1.3389750310010566	0.2565935153570987	3.3527756198883774	0.07653166941295086	0.9389961193025191	0.9883777259522915	1_vs_3
NM_017752	187.58546805767583	-0.3885627863146327	0.5927280280045328	-0.6555498777791241	0.5121137840990898	0.9883777259522915	1_vs_3
NM_198881	5.251306475237566	-1.1898584160798087	1.6295125885869033	-0.7301928346019356	0.46527232181854083	0.9883777259522915	1_vs_3
NM_001171080	530.8557257395981	0.3602237120939147	0.48510422639384504	0.7425697252150042	0.45774222345535076	0.9883777259522915	1_vs_3
NM_018301	145.0529819599394	0.54250465963776	0.4753705327846211	1.1412248387797224	0.2537763704295065	0.9883777259522915	1_vs_3
NM_198057	12.139340632920543	-0.8519814691235209	1.5753723135885391	-0.540812772812284	0.5886366380863737	0.9883777259522915	1_vs_3
NM_052936	40.513421755587025	0.21091471816846366	0.6632154136070556	0.31801842032191857	0.7504709643099341	0.9883777259522915	1_vs_3
NM_001522	0.6875106046836988	1.261655991232971	4.862853149904762	0.259447684793377	0.7952898417456873	0.9883777259522915	1_vs_3
NM_022977	22.761555873714016	1.0782553217265474	0.831460437069739	1.2968209594272113	0.1946927973219985	0.9883777259522915	1_vs_3
NM_012471	1.383280289007019	-3.2493109428376385	4.399228486677129	-0.7386092703932144	0.4601442933524814	0.9883777259522915	1_vs_3
NR_131204	0.26108172549402897	1.6098080308373608	5.250979923268886	0.3065728786552299	0.75916849985718	0.9883777259522915	1_vs_3
NM_001282338	0.3070263949308039	0.6061135562948392	5.348474782619272	0.11332456091304807	0.9097732458730201	0.9883777259522915	1_vs_3
NM_001289109	0.8180514674307133	1.586066538630732	4.613121511829295	0.34381633663098343	0.7309844135401057	0.9883777259522915	1_vs_3
NM_145305	882.3619991242564	-0.13547412977406453	0.38014241154616496	-0.3563773092906062	0.721558019931125	0.9883777259522915	1_vs_3
NM_144658	2928.8392588180627	0.017842879471975603	0.30760283895554696	0.0580062249508502	0.9537436700841658	0.9883777259522915	1_vs_3
NM_001560	167.74092654759846	-0.9857836352635264	0.767256997088566	-1.2848154386394413	0.19885678606113122	0.9883777259522915	1_vs_3
NM_020721	0.254209863496393	1.5748242270191148	5.253382362807919	0.2997733875547135	0.7643500159473218	0.9883777259522915	1_vs_3
NM_024528	992.5228271860664	-0.29538823983324	0.43223529947013534	-0.683396844717097	0.49435611328924467	0.9883777259522915	1_vs_3
NM_013995	2456.119124874192	0.04101102622155733	0.3630736978126829	0.11295510104043875	0.9100661515004325	0.9883777259522915	1_vs_3
NM_145799	6225.599965819637	-0.14851417717752805	0.40330261604977874	-0.3682450132165701	0.7126905491256463	0.9883777259522915	1_vs_3
NM_002294	216.58724298476702	-0.22079237504126653	0.3633558814787099	-0.6076477258128637	0.5434211400793724	0.9883777259522915	1_vs_3
NR_131238	2.21232280470161	4.694167902252509	4.0165683222964494	1.1687011213514344	0.24252407001855036	0.9883777259522915	1_vs_3
NM_001282418	1.2856236915979349	-0.7755929455526275	3.090578138245953	-0.2509539998211508	0.8018496740886746	0.9883777259522915	1_vs_3
NM_001042749	46.0922918833399	0.24228901441221518	0.6201801317662445	0.390675228053803	0.6960373116937386	0.9883777259522915	1_vs_3
NM_003399	39.980458272124444	1.037281017956025	0.7601343564261547	1.3646022037905277	0.1723781117507548	0.9883777259522915	1_vs_3
NM_003069	0.3529710643675789	-0.8503243626230124	5.674668366883205	-0.14984564870529174	0.8808863934596952	0.9883777259522915	1_vs_3
NM_182314	0.3916225882410434	2.195299191099339	5.218220057703906	0.4206988526400519	0.673974999089404	0.9883777259522915	1_vs_3
NM_145812	0.34870454787706634	-2.1810709396006693	5.365093182634926	-0.4065299269470457	0.6843532724085242	0.9883777259522915	1_vs_3
NR_026975	123.12296364507597	0.9412650813991821	0.4986446751238726	1.8876469124338975	0.0590733676957795	0.9883777259522915	1_vs_3
NR_110410	55.19050781274009	0.09038001257903182	0.5903582873221883	0.15309349342580988	0.8783245468871346	0.9883777259522915	1_vs_3
NM_001170704	3.0705770768206384	-1.2714523901350583	2.117184387260667	-0.600539281219684	0.5481468901166141	0.9883777259522915	1_vs_3
NM_133486	0.17221901569327688	-2.181080956832157	5.365096756753665	-0.40653152323610553	0.6843520997696819	0.9883777259522915	1_vs_3
NM_000194	4764.744005127769	-0.1902851399143804	0.3821696624907663	-0.49790749656633965	0.618549243226482	0.9883777259522915	1_vs_3
NM_001159702	1.8207002164605666	4.413107756617814	4.248917902858827	1.0386427456384868	0.2989709179637423	0.9883777259522915	1_vs_3
NM_182540	1620.6053983475929	0.08670048500669236	0.2907894488031441	0.2981555395614991	0.76558445361886	0.9883777259522915	1_vs_3
NM_004840	93.61504327216136	0.008154413087135064	0.4790022230811689	0.017023747895535894	0.9864176704349308	0.9949952153952345	1_vs_3
NM_001306177	1.760588805347382	-2.1855431491022608	4.69716023042129	-0.465290311994794	0.6417235716393275	0.9883777259522915	1_vs_3
NM_001306145	6.709210525166246	0.09906395698103712	1.4600611517549018	0.06784918348246473	0.94590569118074	0.9883777259522915	1_vs_3
NM_000252	437.10395219926704	-0.5813395136235837	0.3669538188624983	-1.5842307226169465	0.11314122429795358	0.9883777259522915	1_vs_3
NM_001306144	1203.4651934549413	-0.21295884124396502	0.2809148141002521	-0.7580904621426084	0.44839682916783863	0.9883777259522915	1_vs_3
NM_003828	0.7730894650188439	-1.470210040801379	4.322484681690659	-0.34013076946899296	0.7337580509880448	0.9883777259522915	1_vs_3
NM_173493	0.34443803138655377	-2.9109974091085618	5.2795030365946705	-0.551377163519198	0.5813751519833972	0.9883777259522915	1_vs_3
NM_004344	893.3086552458841	-0.3020785797911706	0.3378056049066382	-0.8942379149530639	0.3711946101168312	0.9883777259522915	1_vs_3
NM_001178113	2.2935473215379782	0.9483371880360212	2.9179057886480604	0.3250061025703677	0.7451764530307063	0.9883777259522915	1_vs_3
NM_001178115	0.5251900800608558	-2.1810648164542976	5.365090858610682	-0.4065289617516553	0.6843539814443893	0.9883777259522915	1_vs_3
NR_073156	23.77942997371378	-0.14181569699768862	0.8341336920511322	-0.17001554828574814	0.8649979089028818	0.9883777259522915	1_vs_3
NM_006730	17.86308474154813	0.3966222393684561	1.0083194592454128	0.3933497818888399	0.6940611546556676	0.9883777259522915	1_vs_3
NM_000402	1.2055331098529383	-4.684920478599714	5.184911004155899	-0.9035681566847679	0.36622443268162586	0.9883777259522915	1_vs_3
NM_000132	18.82014784335656	-1.0890240811226897	0.9698561159510033	-1.1228717984160308	0.2614919464757057	0.9883777259522915	1_vs_3
NM_001166462	0.47032958657855245	-2.1810661787295884	5.365091356417441	-0.40652917794600296	0.6843538226272512	0.9883777259522915	1_vs_3
NM_001009932	20.001030677331812	-0.09396795927859446	0.862346317961918	-0.10896777468787681	0.9132280501699012	0.9883777259522915	1_vs_3
NM_001304990	1.5900447410216152	0.09672017017611474	2.9879466561966534	0.03237011275804686	0.9741768965564251	0.9883777259522915	1_vs_3
NM_001184797	0.2938440543947631	-2.1810725278683574	5.3650937859080745	-0.4065301772724179	0.6843530885186873	0.9883777259522915	1_vs_3
NM_018196	20.219662535893338	-0.16940143446663253	1.1406519994429836	-0.14851281069893063	0.8819380765898827	0.9883777259522915	1_vs_3
NM_001289	494.02530160935544	-0.7252286745724031	0.6340575255024938	-1.1437900275651736	0.25271072655858007	0.9883777259522915	1_vs_3
NM_012227	1942.5753925675206	-0.3703768819575471	0.4289705841608546	-0.8634085777281731	0.38791286493709254	0.9883777259522915	1_vs_3
NM_018390	2204.0200058000482	0.05899554039454197	0.6249101089974729	0.09440644269491334	0.924786298134897	0.9883777259522915	1_vs_3
NM_013239	253.96495162669376	0.5247378056193635	0.476831950089185	1.1004669580576938	0.2711287184852006	0.9883777259522915	1_vs_3
NR_027232	4.970436088517104	-0.1019449508939476	1.7022580154986577	-0.05988807217575883	0.9522447798685398	0.9883777259522915	1_vs_3
NM_001161529	0.13054086274701449	0.6060962462352261	5.348477094959249	0.11332127547231162	0.9097758504972489	0.9883777259522915	1_vs_3
NR_026711	34.29654444481217	2.4676966537316716	0.8970286405801912	2.750967518869391	0.005941953474630418	0.9883777259522915	1_vs_3
NM_002183	95.5898360126	0.3756758568251727	0.6459403594639521	0.581595268542959	0.5608393306724337	0.9883777259522915	1_vs_3
NR_026710	35.14934869921013	0.9329553538321134	0.7463986300637553	1.249942478796381	0.21132056047959125	0.9883777259522915	1_vs_3
NR_130733	29.536108921172225	1.3302102663198399	0.7510632527125497	1.7711028485492206	0.07654360042162928	0.9883777259522915	1_vs_3
NM_001636	33867.55368182054	-0.34073771975595246	0.30164197152776046	-1.129609775556695	0.25864069003831613	0.9883777259522915	1_vs_3
NM_178129	7427.44204438322	0.06508577974607595	0.29045821601079175	0.2240796650202442	0.8226953151407861	0.9883777259522915	1_vs_3
NR_027383	27.13257020244301	0.39708566563814346	0.7623483712074952	0.5208716652849844	0.6024561751872068	0.9883777259522915	1_vs_3
NR_037842	2.368192750892492	4.680970554938375	3.603476578177049	1.2990151187014	0.19393874074563022	0.9883777259522915	1_vs_3
NM_001277710	1.4434469255699698	3.583299185600051	3.848451311544578	0.9311016030918402	0.35180100945265225	0.9883777259522915	1_vs_3
NM_001282631	0.13054086274701449	0.6060962462352261	5.348477094959249	0.11332127547231162	0.9097758504972489	0.9883777259522915	1_vs_3
NM_001669	293.93921141538016	0.8754388374505082	0.45819665238751045	1.910618143735637	0.05605367099001683	0.9883777259522915	1_vs_3
NR_046643	0.6071809278639719	1.5748390276522375	5.253381334231886	0.2997762636019454	0.7643478220204357	0.9883777259522915	1_vs_3
NR_034031	299.53707839371896	-0.49454831292721696	0.41619555328488217	-1.1882594828895325	0.23473119522491215	0.9883777259522915	1_vs_3
NR_039924	1.9200082715691211	-4.216077069911932	4.437249234520208	-0.9501555687051256	0.3420332111813231	0.9883777259522915	1_vs_3
NM_013452	1.139617340072532	-0.6382503441845349	4.135941715872812	-0.15431802187518115	0.8773589881210584	0.9883777259522915	1_vs_3
NM_004650	14.175579867969867	-0.2129366527861858	1.05657032552307	-0.20153571195629452	0.840279708141676	0.9883777259522915	1_vs_3
NM_016378	0.24325007740297233	-0.8503272893648489	5.674669378041732	-0.1498461377600624	0.8808860076067832	0.9883777259522915	1_vs_3
NM_000273	0.680638742686063	1.243226642466444	4.863540894213109	0.25562171050020344	0.7982429526828065	0.9883777259522915	1_vs_3
NM_005333	0.43069539568018245	1.5748338064788023	5.253381697071822	0.29977524902799235	0.7643485959647672	0.9883777259522915	1_vs_3
NM_078628	896.7424049372004	0.030951756523901308	0.40755713909680397	0.07594458188732543	0.9394631880335881	0.9883777259522915	1_vs_3
NM_001193270	1.865787880663855	2.24240788274847	2.8931588652193625	0.7750725028293419	0.43829681867028225	0.9883777259522915	1_vs_3
NM_006800	15.916676511960821	0.20150991420587258	1.0231127614380708	0.1969576783722583	0.843860656763432	0.9883777259522915	1_vs_3
NM_016562	4160.925323989958	-0.7148107782364952	0.36072265531341624	-1.9816076636922824	0.04752316877684176	0.9883777259522915	1_vs_3
NR_030727	2.753804207723609	0.5148083568459368	2.6947622609306636	0.1910403616340324	0.848493971445036	0.9883777259522915	1_vs_3
NM_174901	3.617531298307361	-1.742424457760242	2.1934617637201455	-0.7943719314281836	0.4269789395911574	0.9883777259522915	1_vs_3
NR_045260	0.8106447974643665	-0.19049104211285117	4.774906905238669	-0.03989418974930353	0.9681774833256194	0.9883777259522915	1_vs_3
NR_046087	0.254209863496393	1.5748242270191148	5.253382362807919	0.2997733875547135	0.7643500159473218	0.9883777259522915	1_vs_3
NM_004251	25.70345809462199	0.3647308451596146	0.8159156112979286	0.44702030468495907	0.6548603994753939	0.9883777259522915	1_vs_3
NM_152634	0.17221901569327688	-2.181080956832157	5.365096756753665	-0.40653152323610553	0.6843520997696819	0.9883777259522915	1_vs_3
NM_001297563	1.7299192064033406	-2.071920776527842	3.3001531296339994	-0.6278256478230835	0.53011816252741	0.9883777259522915	1_vs_3
NM_001001995	40.50595676840906	0.48062322420485576	0.7449951792812032	0.6451360190928719	0.5188390438512254	0.9883777259522915	1_vs_3
NR_110506	278.3436996106978	0.5122566511186983	0.36498631750571586	1.403495491610247	0.16046913543360175	0.9883777259522915	1_vs_3
NM_152581	25.02130539798105	0.4449029393900738	0.8106975059098634	0.548790314694196	0.5831493577333511	0.9883777259522915	1_vs_3
NM_001018113	9.74062814924293	0.7892246751816859	1.3179523161390063	0.5988264260529175	0.549288638175434	0.9883777259522915	1_vs_3
NM_004469	0.17221901569327688	-2.181080956832157	5.365096756753665	-0.40653152323610553	0.6843520997696819	0.9883777259522915	1_vs_3
NM_020665	13.901701703253371	-1.874892608376764	1.0926220895948309	-1.7159570781440243	0.08616989858695806	0.9883777259522915	1_vs_3
NR_026551	258.1954832347287	-0.5402878977097405	0.48240891240910533	-1.1199790961812726	0.26272267010738015	0.9883777259522915	1_vs_3
NM_001272071	4.3462500044628465	0.11315690690853257	2.1519521243382056	0.052583375637751215	0.9580638629631406	0.9883777259522915	1_vs_3
NM_005089	819.3095795984906	-0.40127503074038384	0.3120632050594669	-1.2858774255808747	0.1984858432665353	0.9883777259522915	1_vs_3
NM_007220	181.1416484912135	0.1764308057664865	0.43749541829939526	0.4032746364574451	0.6867461983611824	0.9883777259522915	1_vs_3
NM_005314	70.4215847205002	0.6921583856938047	0.6316680441028244	1.0957628649346927	0.2731825635232854	0.9883777259522915	1_vs_3
NM_001277307	2.2310758682998286	0.0016659669360900079	2.3546339847979154	0.0007075269221653522	0.9994354752395516	0.9994354752395516	1_vs_3
NR_039762	0.5673947200613941	-0.19385221510921577	4.855988196466839	-0.03992024017897333	0.9681567146345318	0.9883777259522915	1_vs_3
NM_032796	0.3131848565650011	-2.6190053710538406	5.308907100214166	-0.4933228857872061	0.6217844601791374	0.9883777259522915	1_vs_3
NM_018360	127.9549778670687	-0.46869626954646654	0.47718990190617094	-0.9822007290477525	0.3260009685016294	0.9883777259522915	1_vs_3
NM_001198719	20.72498066890555	-0.6885676731267838	1.00218768747685	-0.6870645905263022	0.4920420267313034	0.9883777259522915	1_vs_3
NM_002893	433.8982873489268	-1.0193834980478351	0.5441229763877493	-1.8734432146482431	0.06100720726093585	0.9883777259522915	1_vs_3
NM_001037540	5.997223641439377	2.221588736484286	1.8159753138307781	1.223358445219099	0.2211943413184171	0.9883777259522915	1_vs_3
NM_000330	1.2225908549005535	-3.6787046166236315	4.508348031198265	-0.8159761826652668	0.41451375795669443	0.9883777259522915	1_vs_3
NR_029379	11.652895598431995	1.436957416704244	1.3660851855924165	1.0518798035871335	0.29285469909575024	0.9883777259522915	1_vs_3
NM_000292	1357.9968372271667	-0.03889659323692372	0.32926787138347535	-0.11813054542337527	0.9059642211472179	0.9883777259522915	1_vs_3
NM_001173454	3.198695124297453	0.2447128798082276	2.5945071422583452	0.09431960152371034	0.924855279561514	0.9883777259522915	1_vs_3
NR_037414	0.6986489831718474	2.61062022087521	5.201770771086937	0.5018714464285605	0.6157579517528486	0.9883777259522915	1_vs_3
NR_024440	0.49745994089936535	1.5748363437351705	5.253381520746588	0.29977574206553376	0.7643482198624248	0.9883777259522915	1_vs_3
NR_023358	2.2729409345552534	-0.8872378577450792	2.8694069513095783	-0.3092060041675684	0.7571648268895299	0.9883777259522915	1_vs_3
NM_001412	5841.448988192803	-0.6651351779772974	0.3058563735355925	-2.1746650896581547	0.029655222796060008	0.9883777259522915	1_vs_3
NR_046592	1.0404816690512777	1.2552906272278823	3.8841560208189887	0.32318233884003444	0.7465571554108836	0.9883777259522915	1_vs_3
NM_153270	5.388893975902998	0.977421405583867	2.60705470029308	0.3749140382340222	0.7077243983260217	0.9883777259522915	1_vs_3
NM_206923	90.04556025647354	0.07672014592884545	0.5119045090973489	0.14987198699251073	0.8808656131999986	0.9883777259522915	1_vs_3
NM_015884	993.4504995317757	0.12456926301422831	0.3096685198145392	0.40226647219043443	0.687487926622031	0.9883777259522915	1_vs_3
NM_004595	353.614612004329	-0.06072335645569976	0.33646876014979465	-0.18047249447070793	0.8567816460747962	0.9883777259522915	1_vs_3
NM_006406	2262.5095578558416	-0.48642012012004693	0.40643404106512054	-1.196799654982912	0.23138465279350895	0.9883777259522915	1_vs_3
NR_027783	96.50073412347325	0.07516503242333031	0.5414656227121931	0.13881773702793873	0.8895941775707557	0.9883777259522915	1_vs_3
NM_001415	18962.944052868188	-0.36068717294171154	0.3064356425400651	-1.177040535989717	0.2391793273110333	0.9883777259522915	1_vs_3
NM_001178085	3.4894519558196913	1.5517332752962045	1.9588383053750722	0.7921701709825831	0.4282614588762409	0.9883777259522915	1_vs_3
NR_046657	3.053689694373041	-3.5934043994897196	2.5622365845379975	-1.4024483223658497	0.16078141207012775	0.9883777259522915	1_vs_3
NM_139058	2.295421981321051	0.4398448830128716	2.5805531797307797	0.17044596734827186	0.8646594242737599	0.9883777259522915	1_vs_3
NM_002365	0.3131848565650011	-2.6190053710538406	5.308907100214166	-0.4933228857872061	0.6217844601791374	0.9883777259522915	1_vs_3
NM_002367	0.8682626533580008	2.592409209659461	4.955588557942871	0.5231284194294781	0.6008848897525718	0.9883777259522915	1_vs_3
NM_000475	0.9584908212481617	-0.4585431403105866	4.472240233472937	-0.10253097248188366	0.9183352299015085	0.9883777259522915	1_vs_3
NM_025159	2524.203635121618	-0.22478349948719653	0.3130833896065756	-0.7179668642583122	0.4727777181774815	0.9883777259522915	1_vs_3
NM_152787	1803.7897033038928	0.25911096131921946	0.3080372236743343	0.8411676946976998	0.4002539956932658	0.9883777259522915	1_vs_3
NM_021083	2.4421634016427443	-0.8776420455472658	2.529876394912631	-0.34691103775351645	0.7286581540900532	0.9883777259522915	1_vs_3
NM_000397	6141.348030729646	-0.1577453273868978	0.27807658119264206	-0.5672729674334466	0.5705287401568118	0.9883777259522915	1_vs_3
NM_006520	773.0867990634952	0.09415300810660292	0.5004153827803671	0.18814970791560734	0.8507592955690235	0.9883777259522915	1_vs_3
NM_001034853	7.993019717915133	-0.4442250097521009	1.4415311409293243	-0.308161923901081	0.7579591238210699	0.9883777259522915	1_vs_3
NM_021242	309.42649384433986	0.17063716113329397	0.36315385333370337	0.4698756727124547	0.638443845871602	0.9883777259522915	1_vs_3
NR_046706	33.9786822918661	0.8756426555569888	0.7563231359797734	1.1577626201036992	0.24696092152770166	0.9883777259522915	1_vs_3
NR_110385	0.3529710643675789	-0.8503243626230124	5.674668366883205	-0.14984564870529174	0.8808863934596952	0.9883777259522915	1_vs_3
NM_001123385	2.9333128640037045	-0.8047472981853083	2.330830026949526	-0.34526211215775415	0.7298973274482436	0.9883777259522915	1_vs_3
NR_110386	0.6676349945447498	-0.7247163826735049	5.018821341644464	-0.1443997172523469	0.8851848400695799	0.9883777259522915	1_vs_3
NM_005765	4074.536502905963	0.09832940312513264	0.32607921924394206	0.30155065800612013	0.7629946270330344	0.9883777259522915	1_vs_3
NM_001195522	0.254209863496393	1.5748242270191148	5.253382362807919	0.2997733875547135	0.7643500159473218	0.9883777259522915	1_vs_3
NM_004229	4642.794949079461	0.018145583798140692	0.27167155382603686	0.06679235842910554	0.9467470069158145	0.9883777259522915	1_vs_3
NM_001289773	31.885316176467303	0.5583286000358016	0.7732517729537213	0.7220527900027426	0.47026202203910283	0.9883777259522915	1_vs_3
NR_027761	0.9917796372031717	-0.31289619456987444	3.407744776710649	-0.09181913995093842	0.9268417368182206	0.9883777259522915	1_vs_3
NR_126094	50.17983341227025	0.49293434150630894	1.0112804555494974	0.4874358431444858	0.6259494980306256	0.9883777259522915	1_vs_3
NM_022567	4.723303437143045	-1.8700323824362295	2.123565363271186	-0.8806097588423608	0.3785290747780252	0.9883777259522915	1_vs_3
NM_001097579	0.3131848565650011	-2.6190053710538406	5.308907100214166	-0.4933228857872061	0.6217844601791374	0.9883777259522915	1_vs_3
NM_080817	95.37502516673389	0.1013704892781299	0.6774418458840048	0.14963718272503512	0.8810508708742902	0.9883777259522915	1_vs_3
NR_110387	3.142951928186891	-2.079803138178326	2.599826425091951	-0.7999776900893555	0.4237237232674571	0.9883777259522915	1_vs_3
NM_173794	674.7481914642842	-0.11690308722710868	0.34427496082059383	-0.33956314147408584	0.7341855392901563	0.9883777259522915	1_vs_3
NM_176819	0.508419726992786	2.5739633830317805	5.203041561820956	0.4947035983566019	0.6208093611393013	0.9883777259522915	1_vs_3
NR_029636	0.9590173083024376	1.1700620153190324	4.322884310968712	0.2706669739808128	0.7866471798683191	0.9883777259522915	1_vs_3
NR_125365	0.17221901569327688	-2.181080956832157	5.365096756753665	-0.40653152323610553	0.6843520997696819	0.9883777259522915	1_vs_3
NR_029635	7.1152204449560905	1.6086064545253818	1.4740414896070129	1.0912898082361606	0.2751453809158322	0.9883777259522915	1_vs_3
NR_015378	144.48289082790612	-0.11189133163000324	0.43331822241928464	-0.25821976976942285	0.7962373011084474	0.9883777259522915	1_vs_3
NM_019886	377.58273504588095	-0.9258034744822372	0.4602425146422618	-2.0115557451311243	0.04426678844143765	0.9883777259522915	1_vs_3
NM_006915	903.4565983348325	-0.13708680837019913	0.286296178331129	-0.4788286353289881	0.6320605435281047	0.9883777259522915	1_vs_3
NR_046101	2.2113172875404072	1.2540104566330814	2.8366743148907285	0.4420706494398485	0.6584380825835288	0.9883777259522915	1_vs_3
NM_019056	0.12162503870148617	-0.8503322872810664	5.674671104779214	-0.14984697290472315	0.8808853486970112	0.9883777259522915	1_vs_3
NM_003334	52.16156055991835	-1.5966941886835337	0.9671520653176897	-1.6509236199160182	0.09875417212416675	0.9883777259522915	1_vs_3
NM_004651	3433.2657478827987	-0.024294327770618455	0.2799721072306062	-0.08677410050211826	0.9308510747575146	0.9883777259522915	1_vs_3
NM_033018	27.29090112437098	-0.2245081027893689	0.7719835565756831	-0.29081979904497973	0.7711891420593922	0.9883777259522915	1_vs_3
NM_001170460	5.307286192523558	1.9368158174520762	1.9168210370179677	1.010431219215548	0.312288736959462	0.9883777259522915	1_vs_3
NR_024616	45.38204359652784	0.6576007834630394	0.730458321306435	0.9002577755386661	0.3679830860693639	0.9883777259522915	1_vs_3
NM_006201	35.97678340294388	-8.505738946529075	3.7127368929687816	-2.290961948485315	0.021965614531228802	0.9883777259522915	1_vs_3
NM_153280	48.313705502518246	-0.10225031219183298	0.646903605982568	-0.15806112571675524	0.8744086326618439	0.9883777259522915	1_vs_3
NM_003446	4.111145915162164	-2.2531299419078605	1.8043033372909982	-1.248753408221666	0.21175527989012688	0.9883777259522915	1_vs_3
NM_001256197	27.30372382758651	1.029208219305236	0.8121674604901974	1.2672364621503551	0.20507075177630707	0.9883777259522915	1_vs_3
NM_001256196	0.4835119271145934	0.6061239750473597	5.348473390871562	0.11332653838791719	0.9097716781754621	0.9883777259522915	1_vs_3
NR_126059	126.17765104059134	-0.1548191283174399	0.4954348620727727	-0.31249138922060565	0.7546671060657593	0.9883777259522915	1_vs_3
NM_001145252	0.5962211417705512	-0.8503197123579933	5.674666760272499	-0.1498448716514872	0.8808870065372477	0.9883777259522915	1_vs_3
NM_003254	2762.0115292255905	0.45526993592097176	0.4550902026393997	1.000394939905385	0.3171194178148137	0.9883777259522915	1_vs_3
NR_045560	4.351608420428787	1.5234677061934851	1.8001959891595354	0.8462788026234591	0.39739723011121475	0.9883777259522915	1_vs_3
NM_002621	1.228871252971947	1.2487230034883618	3.3088753650312395	0.3773859289730523	0.7058868222321127	0.9883777259522915	1_vs_3
NR_028119	3.5141025353050743	-0.06940797535822328	2.022790975475004	-0.03431297459784468	0.9726275787297829	0.9883777259522915	1_vs_3
NR_046742	1.0577785091736234	0.4456040626484703	4.384451659612863	0.10163279179312837	0.9190481501204391	0.9883777259522915	1_vs_3
NM_021014	0.6263697131300022	-3.6933187724330265	5.223902943613785	-0.7070037120326104	0.47956417098399706	0.9883777259522915	1_vs_3
NM_177439	1.0906928549785653	2.1714766009148088	4.701976544379398	0.461822082781448	0.6442089135262626	0.9883777259522915	1_vs_3
NM_033518	2761.4673333993783	-0.5597543341629374	0.27796773543969616	-2.0137385127720107	0.04403699428624622	0.9883777259522915	1_vs_3
NM_002536	1322.1705323377475	0.21079490748387184	0.35476033502295373	0.5941896166893431	0.5523852967563676	0.9883777259522915	1_vs_3
NM_001282167	24.704557370259078	0.13223056494099208	0.8223604021905238	0.16079393485966634	0.8722557023592996	0.9883777259522915	1_vs_3
NM_006579	3754.057752901246	-0.23023193189649763	0.3484916981031409	-0.6606525582952548	0.5088351548644019	0.9883777259522915	1_vs_3
NM_006743	16750.424758065594	0.37660035116450497	0.36929145352571285	1.019791678277448	0.30782727071579097	0.9883777259522915	1_vs_3
NM_001166426	48.69532982112046	-0.1243364235494224	0.6917850832072239	-0.17973273284960017	0.8573623947847095	0.9883777259522915	1_vs_3
NM_003173	1.1785464515218982	-4.41282064544422	4.473456094929565	-0.986445502493235	0.3239145455892093	0.9883777259522915	1_vs_3
NM_000377	4516.915113192091	-0.10217690587481348	0.3414576414746415	-0.2992374264448895	0.7647588946306194	0.9883777259522915	1_vs_3
NM_006044	2292.3158055436393	-0.031534092750690586	0.27492023273720145	-0.11470269916741373	0.9086807744255389	0.9883777259522915	1_vs_3
NM_013271	0.873894627937922	-2.910977718512937	5.279495724474628	-0.5513741975428181	0.5813771847695819	0.9883777259522915	1_vs_3
NM_181532	0.37583490219787924	1.5748323096085406	5.253381801096413	0.2997749581574031	0.7643488178487287	0.9883777259522915	1_vs_3
NM_002049	1.4503187875676058	3.592414654141991	3.8155779683219655	0.9415125792127061	0.34644224598709505	0.9883777259522915	1_vs_3
NM_005710	3.010627828761285	1.4433882864176077	2.2168747318869633	0.6510914963557829	0.5149874254908493	0.9883777259522915	1_vs_3
NM_001167947	21.44566680175483	0.5449494925558233	0.8701146273146234	0.6262962090841575	0.5311206723868637	0.9883777259522915	1_vs_3
NM_001136159	57.63201327021546	0.028342047842001842	0.6030589118213181	0.046997146193238554	0.9625155020250962	0.9883777259522915	1_vs_3
NM_004979	99.58962822263554	0.20822194916652628	0.4950524689856903	0.42060581900167243	0.6740429438875826	0.9883777259522915	1_vs_3
NM_001282651	1.2543705167763821	-0.6458841474179754	3.5393859149474496	-0.18248480469176673	0.8552022782440855	0.9883777259522915	1_vs_3
NM_006875	7529.064737932061	-0.4229483843439132	0.2795133841690869	-1.5131596850047715	0.13023910193269497	0.9883777259522915	1_vs_3
NM_017602	0.38270676419551514	1.6098144959336973	5.2509794845235245	0.30657413548812834	0.7591675430850517	0.9883777259522915	1_vs_3
NM_020137	3120.5953442460864	0.13975011986733216	0.30992720073607327	0.45091272897450546	0.6520524489947963	0.9883777259522915	1_vs_3
NM_007075	4.146404751846922	-0.3043056736224135	2.001111349253357	-0.15206833629520627	0.879133037699192	0.9883777259522915	1_vs_3
NM_001029896	7.37073741460718	-3.2359567931467175	1.7236059153280001	-1.877434258242795	0.060458599832486505	0.9883777259522915	1_vs_3
NM_007213	361.10683580563733	-0.1481401696231726	0.4122529040760443	-0.3593429376930396	0.7193385567775155	0.9883777259522915	1_vs_3
NM_015698	1233.4703145711385	0.020181617463911117	0.28094292520561487	0.07183529341107527	0.9427329852823414	0.9883777259522915	1_vs_3
NM_001271836	3.2416643611492764	-1.0981350739899056	3.10660256703974	-0.3534842485617048	0.7237254354033148	0.9883777259522915	1_vs_3
NM_003179	48.744075918135174	-0.6783662224147632	0.6725179295867324	-1.0086961143647495	0.31312039585414764	0.9883777259522915	1_vs_3
NM_001307979	0.4896703887487906	-2.618995522460178	5.308903463125292	-0.4933213686500913	0.6217855319908098	0.9883777259522915	1_vs_3
NM_006150	4.025035108303057	-4.894988971159222	3.7671867438904174	-1.299375184704571	0.19381520358745163	0.9883777259522915	1_vs_3
NM_002668	2589.548321358127	-0.08430316615393318	0.3129401142770022	-0.26939073103076633	0.7876290181766684	0.9883777259522915	1_vs_3
NM_024859	2.15512623237365	2.4366146504756876	2.730663024169596	0.8923161257572858	0.37222351325830594	0.9883777259522915	1_vs_3
NM_014008	1320.867481936747	-0.11359896197869776	0.312101650460279	-0.36398065121144063	0.7158724579296207	0.9883777259522915	1_vs_3
NR_046649	0.49745994089936535	1.5748363437351705	5.253381520746588	0.29977574206553376	0.7643482198624248	0.9883777259522915	1_vs_3
NM_001098413	0.254209863496393	1.5748242270191148	5.253382362807919	0.2997733875547135	0.7643500159473218	0.9883777259522915	1_vs_3
NR_026742	46.21923650777819	0.4630938295620351	0.6457383106595371	0.7171540265112123	0.47327906276002685	0.9883777259522915	1_vs_3
NM_007003	0.3529710643675789	-0.8503243626230124	5.674668366883205	-0.14984564870529174	0.8808863934596952	0.9883777259522915	1_vs_3
NM_001145073	112.57308574805012	0.22007290529140383	0.4375636251475213	0.5029506399605496	0.6149989762552073	0.9883777259522915	1_vs_3
NM_018159	1.2850972045436586	-3.9025889861709238	4.394637372746798	-0.8880343598706695	0.37452226906315356	0.9883777259522915	1_vs_3
NM_018094	992.909105037545	-0.11484384017060792	0.29428221846095204	-0.3902506946264795	0.6963511785046088	0.9883777259522915	1_vs_3
NM_001005333	1.1115127307609731	2.5924142196637283	4.1266502125505395	0.6282127357873268	0.5298645883087589	0.9883777259522915	1_vs_3
NM_001005332	4.400188515839697	0.6318609570072933	1.7528836169100253	0.3604694292945328	0.7184961140545395	0.9883777259522915	1_vs_3
NM_018969	1.9548675842407814	2.931984071560412	3.9781673634858605	0.7370187836922143	0.4611109266237182	0.9883777259522915	1_vs_3
NR_106955	0.7479947518314884	-3.6933068794678867	5.223900058814309	-0.7070018258171218	0.47956534315152677	0.9883777259522915	1_vs_3
NR_106954	0.508419726992786	2.5739633830317805	5.203041561820956	0.4947035983566019	0.6208093611393013	0.9883777259522915	1_vs_3
NR_110456	62.94914480730299	0.5483326196842354	0.5571110770298698	0.98424289570325	0.32499609927963224	0.9883777259522915	1_vs_3
NM_001243197	3.918395506249746	2.8251999268416164	2.259369441376876	1.2504373455276616	0.2111398294789587	0.9883777259522915	1_vs_3
NM_004493	1.5898927241174075	-1.9165913529612904	3.2370017782016545	-0.5920884461256213	0.5537913633744646	0.9883777259522915	1_vs_3
NM_001281463	5.639902434405812	-0.15742384312029065	1.5184301393741764	-0.1036753941048438	0.9174269540662964	0.9883777259522915	1_vs_3
NM_144968	0.5221634509880579	2.6106118549141364	5.201771057509257	0.5018698105033799	0.6157591025790121	0.9883777259522915	1_vs_3
NR_029513	0.37583490219787924	1.5748323096085406	5.253381801096413	0.2997749581574031	0.7643488178487287	0.9883777259522915	1_vs_3
NM_198456	49.74073137982426	0.20699678128699028	0.6323414788727718	0.32734968083382426	0.7434034205117472	0.9883777259522915	1_vs_3
NM_058163	2213.254844736344	-0.020119154083937933	0.29418892000055336	-0.06838855142437075	0.9454763351336538	0.9883777259522915	1_vs_3
NM_004463	128.29017082996617	-0.3817566245307708	0.46411453454044127	-0.822548306763933	0.4107649053346005	0.9883777259522915	1_vs_3
NM_001184819	12.764406965250073	-0.0013590763195993197	1.0939792179193222	-0.0012423237090227316	0.9990087693480237	0.9994354752395516	1_vs_3
NM_014599	1.6460015170515854	2.5747920413844647	4.109727164909392	0.6265116729327289	0.5309793829066447	0.9883777259522915	1_vs_3
NM_177433	2.1325015807378054	0.48461280882851926	2.5736829306619082	0.18829545903072253	0.8506450448581189	0.9883777259522915	1_vs_3
NR_002953	1.5115769288785614	-0.07500862425140209	3.7577505286440163	-0.019961044161829696	0.9840744486242926	0.9949952153952345	1_vs_3
NM_201222	24.989159716127592	-0.09971464464529825	0.8063348024123596	-0.12366407148367656	0.9015812600443975	0.9883777259522915	1_vs_3
NM_000032	0.13054086274701449	0.6060962462352261	5.348477094959249	0.11332127547231162	0.9097758504972489	0.9883777259522915	1_vs_3
NM_001037968	0.26108172549402897	1.6098080308373608	5.250979923268886	0.3065728786552299	0.75916849985718	0.9883777259522915	1_vs_3
NM_001271805	1.1557962292143589	0.10371168507045125	3.676324704445752	0.02821069775067297	0.9774941050497625	0.9902997046792353	1_vs_3
NM_001271184	0.38475072624340756	2.1713368361251404	5.219319525631141	0.4160191430055383	0.6773959954191804	0.9883777259522915	1_vs_3
NM_014481	132.42437225173583	0.018073570501402566	0.4437147486183466	0.04073240873259371	0.967509224594889	0.9883777259522915	1_vs_3
NM_001166703	1.0503801601217115	-2.910969560421114	5.279495307416791	-0.5513726958582003	0.581378213977881	0.9883777259522915	1_vs_3
NM_001015038	1.010707567841895	2.917989075688913	4.687758749218429	0.6224699759080855	0.5336328801824548	0.9883777259522915	1_vs_3
NM_001190708	1.9205264377089621	-1.2240552352624212	2.787997076520173	-0.4390446624105577	0.6606291747917468	0.9883777259522915	1_vs_3
NR_130179	0.13054086274701449	0.6060962462352261	5.348477094959249	0.11332127547231162	0.9097758504972489	0.9883777259522915	1_vs_3
NM_201286	142.8990421836625	0.1298487448589952	0.4935248875306263	0.2631047554839618	0.7924698386978943	0.9883777259522915	1_vs_3
NM_014061	707.7918135423469	-0.40423559208931265	0.30371424475600517	-1.3309734366067132	0.18319775154068962	0.9883777259522915	1_vs_3
NM_016656	2.5566473116851274	1.460689343558899	2.320343586508797	0.6295142461020875	0.5290124450904958	0.9883777259522915	1_vs_3
NM_007250	32.11731932525852	0.4027751883975418	0.8318539644937217	0.48418978040535826	0.6282511890185378	0.9883777259522915	1_vs_3
NM_013444	2331.5718371321786	-0.24624278017869575	0.3132538132019957	-0.786080710915116	0.43182020404689314	0.9883777259522915	1_vs_3
NR_002308	187.17084749370215	0.12787780213608654	0.38503806910938354	0.3321172953933508	0.7398006908262305	0.9883777259522915	1_vs_3
NM_001010862	467.5441591019494	0.2667368839745559	0.32259969574325975	0.8268355100583786	0.4083303000609605	0.9883777259522915	1_vs_3
NR_027139	91.45920172154064	0.7357137734851191	0.5751841250446542	1.2790926269531555	0.2008644396921001	0.9883777259522915	1_vs_3
NM_019003	0.6389605897398005	2.9031773874021067	5.192697870379407	0.5590884468674054	0.5761013590484192	0.9883777259522915	1_vs_3
NM_007157	567.2173981191049	-0.0852126194704117	0.32380239285133716	-0.263162414335629	0.7924253990171002	0.9883777259522915	1_vs_3
NM_007156	174.05896826801907	0.019979494740302632	0.4333505617783992	0.04610469329567748	0.9632268052791987	0.9883777259522915	1_vs_3
NM_001012968	855.7093369091182	-0.010032366338149416	0.3051683702276259	-0.03287485636426294	0.9737743836695669	0.9883777259522915	1_vs_3
NR_046803	0.38475072624340756	2.1713368361251404	5.219319525631141	0.4160191430055383	0.6773959954191804	0.9883777259522915	1_vs_3
NM_152424	1072.8630976421434	0.3481890182240818	0.2849263926750856	1.2220314690929226	0.22169572680919736	0.9883777259522915	1_vs_3
NM_031206	3.8182808935578088	0.8726295708663089	1.878328350045884	0.46457775651684763	0.6422338643867371	0.9883777259522915	1_vs_3
NM_001010888	52.53177572413495	0.3679147238897049	0.6270536608309443	0.5867356286576181	0.5573812752146932	0.9883777259522915	1_vs_3
NR_033742	1.0252553664673445	-0.4774953561272823	3.842934567698859	-0.12425279372196167	0.9011151227204988	0.9883777259522915	1_vs_3
NM_002444	52116.2138564219	0.11403372123180464	0.33800122166225655	0.3373766540576335	0.7358329814383557	0.9883777259522915	1_vs_3
NR_029637	10.245852899927295	-0.43359923566573166	1.5082663910732252	-0.2874818654264376	0.773743385469418	0.9883777259522915	1_vs_3
NM_021783	0.8024423737822769	1.609724802132268	5.127678546594045	0.3139285716733345	0.7535752894918017	0.9883777259522915	1_vs_3
NM_001199687	0.8134021598756976	2.5924109177213364	4.530702323486095	0.5721874298125675	0.5671950025401231	0.9883777259522915	1_vs_3
NM_001242310	6.1044443952657375	2.190711380125108	1.711558792432185	1.2799509954385093	0.20056237110183972	0.9883777259522915	1_vs_3
NM_173834	22.59630763196958	-0.4207190071654135	0.8399848395314665	-0.5008650006113033	0.6164661357754029	0.9883777259522915	1_vs_3
NM_004429	65.34900228617714	-0.9123066826905817	0.7303597278830465	-1.249119643185845	0.2116213170386253	0.9883777259522915	1_vs_3
NM_015686	0.729750232208917	-0.8503178872282752	5.674666129714123	-0.1498445666742886	0.8808872471572518	0.9883777259522915	1_vs_3
NM_001002254	0.254209863496393	1.5748242270191148	5.253382362807919	0.2997733875547135	0.7643500159473218	0.9883777259522915	1_vs_3
NM_001551	4098.676481713689	-0.1674870217033784	0.31531015412432667	-0.531181820542761	0.5952927894787505	0.9883777259522915	1_vs_3
NM_198512	9.126048963446769	0.7500004170692799	1.5023872544982322	0.49920579053352354	0.6176344156744236	0.9883777259522915	1_vs_3
NM_001013579	0.7329204661517629	-2.618987245336959	5.308900570835691	-0.4933200783085481	0.6217864435788737	0.9883777259522915	1_vs_3
NM_016484	1384.27810114701	0.11299797909319058	0.2935581925623245	0.3849253127868346	0.7002927512944943	0.9883777259522915	1_vs_3
NM_002565	1.8823713204227621	0.3707376298923748	3.0707077415782575	0.1207336096732625	0.9039020370403288	0.9883777259522915	1_vs_3
NM_004312	12.905404802943721	0.7561148561237397	1.1832183875115436	0.6390323748382105	0.5228018709668668	0.9883777259522915	1_vs_3
NM_001032726	5.8819043034766345	-0.8623143110799165	1.531081692214481	-0.5632059448328375	0.5732946552632373	0.9883777259522915	1_vs_3
NR_046586	0.9878437300115946	2.195031725113304	4.780801488027625	0.459134672420563	0.6461374593909011	0.9883777259522915	1_vs_3
NM_020730	1.2893637210341713	-3.4994971490468485	4.400362349774275	-0.7952747685031807	0.42645368731835587	0.9883777259522915	1_vs_3
NR_109801	2.7129266244310326	-0.3273057732324403	2.126615219499077	-0.15390925929211444	0.8776812832384531	0.9883777259522915	1_vs_3
NM_001166278	3.6045092955899634	-1.1040038224873638	1.9423024207677868	-0.568399550287825	0.5697636957268493	0.9883777259522915	1_vs_3
NM_021120	0.254209863496393	1.5748242270191148	5.253382362807919	0.2997733875547135	0.7643500159473218	0.9883777259522915	1_vs_3
NM_000206	13561.518839356766	-0.030420266016057462	0.28259875977025806	-0.10764472583244164	0.9142775170117783	0.9883777259522915	1_vs_3
NM_181303	0.25216590144850065	0.6061084700786703	5.34847546204396	0.11332359555166424	0.9097740111899201	0.9883777259522915	1_vs_3
NM_005938	7.630754945495191	-0.4214578482263449	1.4238182958871486	-0.2960053606866627	0.7672259875212987	0.9883777259522915	1_vs_3
NM_005120	3652.31199685665	0.31327641226393893	0.32744472309468886	0.9567306790079105	0.3387032090556702	0.9883777259522915	1_vs_3
NM_001025265	0.25216590144850065	0.6061084700786703	5.34847546204396	0.11332359555166424	0.9097740111899201	0.9883777259522915	1_vs_3
NM_201599	10.77318562571976	0.3272253275595984	1.194813640865109	0.2738714359861758	0.7841834233960874	0.9883777259522915	1_vs_3
NM_001145408	21.654966411739213	0.11104253416884678	0.8788317180679306	0.12635244255062672	0.8994529457024845	0.9883777259522915	1_vs_3
NM_001171163	6.731230705281479	-0.9010886133122423	1.5057575474017573	-0.5984287542620028	0.5495538842998731	0.9883777259522915	1_vs_3
NM_001171162	13.284192522154262	0.03496390566883112	1.0757830013788117	0.032500890629447124	0.974072605786612	0.9883777259522915	1_vs_3
NR_104396	0.34443803138655377	-2.9109974091085618	5.2795030365946705	-0.551377163519198	0.5813751519833972	0.9883777259522915	1_vs_3
NR_002226	1.166042614944341	-0.37185207447729374	3.9780038633739014	-0.0934770521217924	0.9255245796136119	0.9883777259522915	1_vs_3
NM_052957	104.23875139734612	0.016189512012003433	0.4636742662390558	0.034915700936606724	0.9721469607100403	0.9883777259522915	1_vs_3
NM_001142797	25.803089753605118	-0.3890250670428745	1.2485304547283234	-0.31158636585082355	0.7553548972305679	0.9883777259522915	1_vs_3
NR_002309	58.69103834247434	-0.7209101019035743	0.7944234308266955	-0.9074632921556436	0.36416185267537715	0.9883777259522915	1_vs_3
NM_207422	205.75640323421484	-0.8612816631024836	0.5243924394214118	-1.6424372251681936	0.10049942566304639	0.9883777259522915	1_vs_3
NM_001024455	47.549554966982384	0.7708941322221907	0.9347395827266545	0.8247154035923854	0.40953318446479725	0.9883777259522915	1_vs_3
NM_001007	86198.73156293179	-0.6152263932524348	0.4064323945261231	-1.5137238112374225	0.13009590315122513	0.9883777259522915	1_vs_3
NM_001166420	0.6097862733710953	0.27907832311449826	4.914789778510058	0.05678336931820962	0.9547177619224078	0.9883777259522915	1_vs_3
NR_027291	9.534261850065663	6.7838835092935525	2.959569472848093	2.29218593161295	0.021894916407805436	0.9883777259522915	1_vs_3
NM_021963	227.55259870514888	0.38547785214719277	0.46499687444006876	0.828990200442466	0.4071099524093148	0.9883777259522915	1_vs_3
NR_001564	1842.6429419595977	-10.015163778769281	3.532787649488662	-2.8349181361690063	0.004583742981618434	0.9883777259522915	1_vs_3
NR_030398	2.9184122636610383	-0.6434247574600858	3.131093186637407	-0.20549524370786376	0.8371852137803689	0.9883777259522915	1_vs_3
NM_001307944	0.254209863496393	1.5748242270191148	5.253382362807919	0.2997733875547135	0.7643500159473218	0.9883777259522915	1_vs_3
NR_030737	33.091637332404765	-0.20125560243674306	0.7643862210541804	-0.26329046350310636	0.7923267094854282	0.9883777259522915	1_vs_3
NM_001300888	1.155413438149856	1.6091081383178225	4.559768786911212	0.3528924850173889	0.7241690449428582	0.9883777259522915	1_vs_3
NM_016500	46.08108252580977	0.2769514557832305	0.7489498328604981	0.3697863910663512	0.7115416559859207	0.9883777259522915	1_vs_3
NM_020932	115.75138130132224	0.09863783934864799	0.7380324756752454	0.13364972761991484	0.8936795599399782	0.9883777259522915	1_vs_3
NM_003868	0.6263697131300022	-3.6933187724330265	5.223902943613785	-0.7070037120326104	0.47956417098399706	0.9883777259522915	1_vs_3
NM_001866	5389.255141629098	-0.3349438479798231	0.3136091402858413	-1.0680296105991558	0.2855071551616192	0.9883777259522915	1_vs_3
NM_001029891	7198.728728316216	-0.09365921995502972	0.3322315006292032	-0.2819095112222994	0.7780128963099542	0.9883777259522915	1_vs_3
NM_015975	1376.6935568085228	-0.0648382015309204	0.42626735428385376	-0.15210688991149973	0.8791026300793486	0.9883777259522915	1_vs_3
NM_001282188	0.3131848565650011	-2.6190053710538406	5.308907100214166	-0.4933228857872061	0.6217844601791374	0.9883777259522915	1_vs_3
NM_005296	1.4721212392551941	0.1511014305186753	4.175288886956592	0.036189455295107635	0.9711312939388274	0.9883777259522915	1_vs_3
NM_152694	5.973337371259831	-0.23298067103944994	1.6657060455133632	-0.13986901930685275	0.8887634796384319	0.9883777259522915	1_vs_3
NM_014499	87.01779083181049	0.2275310218511057	0.4810054973440138	0.4730320611873925	0.6361903055936395	0.9883777259522915	1_vs_3
NM_032553	390.9784874572005	0.761399178597871	0.3346086417691116	2.2754916746090963	0.022876451543610097	0.9883777259522915	1_vs_3
NM_004867	106.13135980239734	0.18460512294212425	0.5085374828824187	0.3630118312926948	0.7165960462460664	0.9883777259522915	1_vs_3
NR_110646	0.6527043137350724	2.9327074178276207	5.191879402162329	0.5648643180360079	0.572166055317764	0.9883777259522915	1_vs_3
NM_001012980	0.6785947806381706	0.8384297532324443	4.4579777097608595	0.18807401198904164	0.8508186329785984	0.9883777259522915	1_vs_3
NM_021998	242.40958348974038	0.16970667009396354	0.41661354011867635	0.40734794660207385	0.683752452438216	0.9883777259522915	1_vs_3
NM_004538	8.423372125993437	-0.6475081517800447	1.3006447523667255	-0.4978362851207472	0.6185994386569265	0.9883777259522915	1_vs_3
NM_013347	7.589111688953884	-0.7710479865522674	1.3565489057220153	-0.5683893763799703	0.5697706024748429	0.9883777259522915	1_vs_3
NR_125391	3.264389833201484	3.5538525000644765	2.7198784281141353	1.3066218193173393	0.19134118250428578	0.9883777259522915	1_vs_3
NM_001306206	1.643957555003693	2.171911449945978	3.7653233790122425	0.5768193675082791	0.5640614847744503	0.9883777259522915	1_vs_3
NR_103709	0.24325007740297233	-0.8503272893648489	5.674669378041732	-0.1498461377600624	0.8808860076067832	0.9883777259522915	1_vs_3
NM_001167972	0.17648553218378946	-0.8503306544178918	5.674670540637309	-0.1498467000557169	0.8808855639685412	0.9883777259522915	1_vs_3
NM_024917	15.906703974266243	0.05670464556675674	1.00627706665423	0.05635092704168841	0.9550622493417669	0.9883777259522915	1_vs_3
NM_006733	877.5131518595473	0.030566379464784382	0.31733310549879196	0.09632269352023451	0.9232642880626007	0.9883777259522915	1_vs_3
NM_001939	0.13054086274701449	0.6060962462352261	5.348477094959249	0.11332127547231162	0.9097758504972489	0.9883777259522915	1_vs_3
NM_001287344	2.7939028995070436	-4.699400937091826	4.05294683775918	-1.1595022400269286	0.2462515239910057	0.9883777259522915	1_vs_3
NM_001287345	0.5876881087895262	-2.91098419540907	5.279498129648546	-0.5513751731554932	0.5813765161152158	0.9883777259522915	1_vs_3
NM_000169	1038.3697566911137	-0.5005796040426681	0.31257020128147145	-1.60149496653999	0.10926733397308994	0.9883777259522915	1_vs_3
NM_004085	488.2566865094973	-0.2465716890105332	0.3559582166189366	-0.6926984053145068	0.4884988400712792	0.9883777259522915	1_vs_3
NM_021029	23.43107929219008	-0.7794806982127187	0.8842493042992361	-0.8815168916988336	0.37803811546122246	0.9883777259522915	1_vs_3
NM_001145951	26.722851302899418	-0.10839900973444094	0.8213046330653866	-0.13198392578142312	0.8949970058837997	0.9883777259522915	1_vs_3
NM_001199972	205.47299791250384	0.6869823200932463	0.44843953243215295	1.5319396940036367	0.12553731708214924	0.9883777259522915	1_vs_3
NM_001256155	150.38784017878132	1.1192169046191651	0.6005589333196486	1.8636254371116978	0.06237432292595313	0.9883777259522915	1_vs_3
NM_016608	99.54124726671405	1.1600077057635432	0.9334511478199446	1.2427085321740903	0.21397525867927447	0.9883777259522915	1_vs_3
NR_045863	0.508419726992786	2.5739633830317805	5.203041561820956	0.4947035983566019	0.6208093611393013	0.9883777259522915	1_vs_3
NM_177948	7.689251999040592	0.3960916832068357	1.3667173372251245	0.2898124377430004	0.7719597320963381	0.9883777259522915	1_vs_3
NM_177949	0.2981105708852756	-0.8503257249744313	5.674668837560828	-0.14984587635248353	0.8808862138513183	0.9883777259522915	1_vs_3
NM_014782	0.42865143363229014	0.6061210761184934	5.34847377811137	0.11332598817237245	0.9097721143739239	0.9883777259522915	1_vs_3
NM_001011657	0.13054086274701449	0.6060962462352261	5.348477094959249	0.11332127547231162	0.9097758504972489	0.9883777259522915	1_vs_3
NM_001282400	0.6159447350052925	-1.8889330590424676	4.8903182611750164	-0.38625973978810246	0.699304314151627	0.9883777259522915	1_vs_3
NM_080390	18.713715489067962	0.3942744752667822	1.2528132416395519	0.3147112930821171	0.7529808690120425	0.9883777259522915	1_vs_3
NM_001012978	4.244709863867203	1.721624428658871	1.9571673363264277	0.8796511144981262	0.37904833959151507	0.9883777259522915	1_vs_3
NM_001006938	2.731366469396926	-1.201528020730176	2.761852407574393	-0.4350442541516627	0.6635303056128434	0.9883777259522915	1_vs_3
NM_021992	2.0029433850156964	-3.918858087835136	3.880964702975127	-1.009763908656773	0.3126084154092902	0.9883777259522915	1_vs_3
NM_001184727	0.12162503870148617	-0.8503322872810664	5.674671104779214	-0.14984697290472315	0.8808853486970112	0.9883777259522915	1_vs_3
NR_038988	60.98370864576112	0.2894009941625725	0.5451550035574992	0.5308600164614437	0.595515786843376	0.9883777259522915	1_vs_3
NM_001031834	2.6622190319164805	-2.6391362031165695	2.4351350684284587	-1.083774053165669	0.2784649922914536	0.9883777259522915	1_vs_3
NM_018476	2.608924743198313	3.8956833885950264	4.1269880908203005	0.943953145215086	0.34519359223128276	0.9883777259522915	1_vs_3
NM_153333	0.49745994089936535	1.5748363437351705	5.253381520746588	0.29977574206553376	0.7643482198624248	0.9883777259522915	1_vs_3
NM_001080425	4.121192697782583	1.0290141611184027	2.3681666835278166	0.4345193133050492	0.6639113731496737	0.9883777259522915	1_vs_3
NM_001012979	0.13054086274701449	0.6060962462352261	5.348477094959249	0.11332127547231162	0.9097758504972489	0.9883777259522915	1_vs_3
NM_152278	1.63089224384718	3.903178311190728	4.096345797052495	0.952843950332328	0.3406691422290551	0.9883777259522915	1_vs_3
NM_014380	0.8573028672645803	1.6096143583132647	5.004751929972834	0.3216172111695458	0.7477427034496963	0.9883777259522915	1_vs_3
NM_080879	17.927031897154542	0.8413153959821835	0.9430417725806846	0.8921295115908584	0.37232351834705635	0.9883777259522915	1_vs_3
NM_001305840	13.714853021429485	0.362576742783111	1.1005195438271596	0.32945961279544067	0.7418083158110826	0.9883777259522915	1_vs_3
NM_001006640	0.8634613288987775	-1.127858388359029	4.237601419871848	-0.26615490146620185	0.7901199140420383	0.9883777259522915	1_vs_3
NM_001006933	0.254209863496393	1.5748242270191148	5.253382362807919	0.2997733875547135	0.7643500159473218	0.9883777259522915	1_vs_3
NM_001300901	0.6471979098268451	-2.0249095161222797	4.880800512771013	-0.4148724191500838	0.6782353014007445	0.9883777259522915	1_vs_3
NM_182541	1.0377243066399466	-0.9081757839666637	3.4592634622842797	-0.2625344365551624	0.7929094396081953	0.9883777259522915	1_vs_3
NM_001128834	0.38475072624340756	2.1713368361251404	5.219319525631141	0.4160191430055383	0.6773959954191804	0.9883777259522915	1_vs_3
NR_038978	37.648921542400785	0.07163136733509562	0.7711191940134462	0.09289273032133417	0.9259887811392941	0.9883777259522915	1_vs_3
NM_016370	66.92465990854045	0.21085534816124024	0.6846969137550168	0.3079542844802188	0.7581171185655615	0.9883777259522915	1_vs_3
NM_194324	15.561782782925384	2.952327095357203	1.8931000214932103	1.5595198678559583	0.11887338591861145	0.9883777259522915	1_vs_3
NM_001002916	0.8364829914821722	0.606134388602457	5.348471999832824	0.11332851487703459	0.909770111259737	0.9883777259522915	1_vs_3
NM_001143978	14.498333446263835	0.13399268567802883	1.0673393122815662	0.125538977283244	0.9000968696915626	0.9883777259522915	1_vs_3
NR_039980	82.93908200818888	0.0698574506764758	0.54661477199183	0.1278001515069189	0.8983071301624237	0.9883777259522915	1_vs_3
NM_207318	2223.184516822062	0.08895695681569049	0.31056657616742833	0.2864344190333387	0.7745454159333974	0.9883777259522915	1_vs_3
NM_001012755	303.26457706273555	-0.06832533199500931	0.38776002989204633	-0.17620519581152114	0.8601327389881916	0.9883777259522915	1_vs_3
NR_039765	2.3905950785404833	1.0915129590520871	2.8569598125863136	0.3820540121857632	0.7024213019229193	0.9883777259522915	1_vs_3
NM_018015	27.698425384350514	-0.06896001890988385	0.7872644316602023	-0.08759448050315101	0.9301989892380955	0.9883777259522915	1_vs_3
NM_017681	4.741438936803068	0.5311588043506962	2.3085993966215024	0.23007837788055194	0.8180308661709019	0.9883777259522915	1_vs_3
NM_032428	5.163504075182079	-4.32743642387457	3.097169843097239	-1.3972228334585088	0.16234657242312212	0.9883777259522915	1_vs_3
NM_002764	683.1236433922837	0.10977165276161267	0.3193650646610811	0.3437184116493936	0.7310580634069379	0.9883777259522915	1_vs_3
NM_004089	177.39112763029763	-0.508864687515376	0.5503071063052245	-0.924692197656516	0.35512603910273366	0.9883777259522915	1_vs_3
NM_001015881	3.3357817139351327	-1.6972984979244254	2.077898214386937	-0.8168342829175569	0.41402313750312547	0.9883777259522915	1_vs_3
NM_031273	0.49745994089936535	1.5748363437351705	5.253381520746588	0.29977574206553376	0.7643482198624248	0.9883777259522915	1_vs_3
NM_002814	8.761268722441839	-0.6202337016889813	1.4308140887083347	-0.4334830825218504	0.6646638537777441	0.9883777259522915	1_vs_3
NM_003604	0.254209863496393	1.5748242270191148	5.253382362807919	0.2997733875547135	0.7643500159473218	0.9883777259522915	1_vs_3
NR_106735	5.621937930938187	-4.498245806878793	3.5632578849303513	-1.262396927795395	0.2068059941584327	0.9883777259522915	1_vs_3
NM_001242618	1.3655705773531583	0.11215030306582682	3.0751272699006864	0.03647013382618431	0.9709074926143441	0.9883777259522915	1_vs_3
NM_001242617	1.9180430286390349	3.583446377807463	3.574746887161132	1.0024335962575632	0.31613422280742043	0.9883777259522915	1_vs_3
NM_012282	23.92897399343154	-1.8841965981173296	0.8717516932502174	-2.1613913832416407	0.030665119156917955	0.9883777259522915	1_vs_3
NM_020769	15.479499215463909	1.4071265726903908	1.231722087823728	1.1424058938299764	0.2532853425398087	0.9883777259522915	1_vs_3
NR_002718	0.6263697131300022	-3.6933187724330265	5.223902943613785	-0.7070037120326104	0.47956417098399706	0.9883777259522915	1_vs_3
NM_014289	0.8874514386240312	-1.233170436007838	4.760261505778138	-0.2590551873066178	0.7955926600960135	0.9883777259522915	1_vs_3
NR_033974	0.254209863496393	1.5748242270191148	5.253382362807919	0.2997733875547135	0.7643500159473218	0.9883777259522915	1_vs_3
NM_001257239	1.1592056493516598	-4.213995985023869	4.552231444074785	-0.925698975720761	0.35460244033536636	0.9883777259522915	1_vs_3
NM_178175	83.13167166561612	0.640866241098928	0.6303146774177529	1.0167401522750545	0.3092770592665013	0.9883777259522915	1_vs_3
NM_001113490	60.288280265480694	0.5894784941237191	0.8085122451592638	0.7290903726604678	0.4659463832661479	0.9883777259522915	1_vs_3
NM_133265	32.36225274333024	0.30429230610883223	0.8004150128091113	0.3801681643137821	0.7038205894657781	0.9883777259522915	1_vs_3
NR_130730	6.9881330454369595	0.6454177902944168	1.8870382697783437	0.3420268685755002	0.7323306721121721	0.9883777259522915	1_vs_3
NM_000686	7.553971245591548	1.7203115418564892	1.4967462149798128	1.1493675578659752	0.2504044515530903	0.9883777259522915	1_vs_3
NM_007231	0.7832451764820868	3.195854472605851	5.185275615851443	0.6163326136099863	0.5376750181616516	0.9883777259522915	1_vs_3
NM_006667	95.13454042734558	0.09158773696233005	0.47521858605386375	0.19272759873063766	0.847172307986333	0.9883777259522915	1_vs_3
NR_110396	0.8890825291404089	2.918001278863782	4.854542974417033	0.6010867128463717	0.5477822327898563	0.9883777259522915	1_vs_3
NM_001152	20782.97746017227	-0.0026680950679384805	0.3018385466462072	-0.008839477586889603	0.9929472091545496	0.9972456819214524	1_vs_3
NR_028443	49.7936983294283	-0.1855510846001624	0.682152936810285	-0.27200804187370436	0.7856158358870102	0.9883777259522915	1_vs_3
NR_030413	0.9062357643927065	-0.8503160434432739	5.674665492711626	-0.14984425857971626	0.8808874902368032	0.9883777259522915	1_vs_3
NM_001173488	7.563981988241848	-0.535717111172955	1.3530777236256326	-0.395924862126528	0.6921604592921276	0.9883777259522915	1_vs_3
NM_001173487	1.4356573734193951	1.4793655379978325	3.456381054019223	0.4280099661689689	0.6686438645188487	0.9883777259522915	1_vs_3
NM_001170569	0.5564349339679735	-2.618991814943854	5.308902258360389	-0.4933207822426003	0.6217859462702535	0.9883777259522915	1_vs_3
NM_001000	11794.07465815119	-0.5896412577701138	0.26847645715753554	-2.19624939934352	0.028074097334311824	0.9883777259522915	1_vs_3
NM_001105576	108.46947130283642	-0.5350332985859328	0.6385270206145224	-0.8379180227502564	0.40207674590097553	0.9883777259522915	1_vs_3
NR_002584	4.956085045742743	-0.42763082717843176	2.2725149294854305	-0.1881751453554855	0.8507393555603877	0.9883777259522915	1_vs_3
NM_006978	1327.241408852321	-0.13841774251673555	0.30829379177904337	-0.4489799866483872	0.6534460939006757	0.9883777259522915	1_vs_3
NM_004541	4022.0193610131755	-0.2094486948609455	0.267234512525007	-0.7837636422104944	0.43317881123320967	0.9883777259522915	1_vs_3
NM_080632	0.4375672576778184	1.6098159928044709	5.25097938294427	0.30657442648381394	0.7591673215627668	0.9883777259522915	1_vs_3
NM_139282	2.2925389571183006	2.567709438195915	2.7401758169239687	0.93706010480683	0.34872764154915126	0.9883777259522915	1_vs_3
NR_126557	2.0932802613709502	-0.3156089530179355	2.572151999141781	-0.12270229485786258	0.9023428465669521	0.9883777259522915	1_vs_3
NM_001184742	1.7122045876918124	1.261428088125568	2.907097083284987	0.4339132997581795	0.664351401463699	0.9883777259522915	1_vs_3
NR_027131	80.3083420308165	-0.3225312414001446	0.5167979166003935	-0.6240954753103952	0.5325648852505971	0.9883777259522915	1_vs_3
NM_001079872	88.7287805098987	0.6537285252565361	0.5847310406340579	1.1179986691790131	0.26356756175116136	0.9883777259522915	1_vs_3
NM_003588	0.5673947200613941	-0.19385221510921577	4.855988196466839	-0.03992024017897333	0.9681567146345318	0.9883777259522915	1_vs_3
NM_014060	252.73519511514345	-0.09817403331315655	0.3503227809867567	-0.28023879302576055	0.779294306000333	0.9883777259522915	1_vs_3
NM_001137554	9.041178725675401	-0.6928999665361395	1.2586245450147426	-0.5505215747465209	0.581961683191484	0.9883777259522915	1_vs_3
NM_152692	1.6757371257597968	0.9299512348551123	3.063774012927465	0.30353127578314276	0.761485016359964	0.9883777259522915	1_vs_3
NM_012084	294.2314461677722	0.3760100803571672	0.37457252132546687	1.0038378656998475	0.31545676960454583	0.9883777259522915	1_vs_3
NM_001256743	2.6774370135859784	-1.5558495074309293	2.4764837864802196	-0.6282494219928769	0.5298405590472576	0.9883777259522915	1_vs_3
NR_130770	5.05208397714493	-1.010161528939117	1.7401291028630623	-0.5805095307452085	0.561571061483632	0.9883777259522915	1_vs_3
NM_001122716	0.24325007740297233	-0.8503272893648489	5.674669378041732	-0.1498461377600624	0.8808860076067832	0.9883777259522915	1_vs_3
NM_000276	0.38475072624340756	2.1713368361251404	5.219319525631141	0.4160191430055383	0.6773959954191804	0.9883777259522915	1_vs_3
NM_017413	102.2178419573756	0.8340210378207688	0.6133581510897733	1.3597618884479428	0.17390528639600145	0.9883777259522915	1_vs_3
NM_016032	8.781796481426483	-1.1125197300436682	1.3295458929269248	-0.8367667005420286	0.4027237184223269	0.9883777259522915	1_vs_3
NM_018990	13655.589965927633	0.05235681797736441	0.3005966934855683	0.1741762937251939	0.861726915620793	0.9883777259522915	1_vs_3
NM_006649	54.54644906663677	-0.2153033934469327	0.5747883284563432	-0.37457857577789283	0.7079739088992427	0.9883777259522915	1_vs_3
NM_001130846	2.2250694235698387	3.7563776338073116	3.4386225002734383	1.092407681712257	0.274653948072619	0.9883777259522915	1_vs_3
NM_001421	4.459997020473752	-2.2861153999461505	2.8378929116820313	-0.8055678882509911	0.42049204740768187	0.9883777259522915	1_vs_3
NM_001127197	2.00626563586275	-1.0820635613463832	3.5313468556092382	-0.3064166748807524	0.7592874138549294	0.9883777259522915	1_vs_3
NM_017666	360.4650414901976	-0.11131366603878766	0.4023120464627352	-0.2766848942692504	0.7820220718521498	0.9883777259522915	1_vs_3
NM_004794	1104.4135451802838	-0.4449923312518967	0.3379246757482932	-1.316838819972277	0.18789265741362626	0.9883777259522915	1_vs_3
NM_178471	0.254209863496393	1.5748242270191148	5.253382362807919	0.2997733875547135	0.7643500159473218	0.9883777259522915	1_vs_3
NM_001282197	2.7629592179635925	-0.14998255601271754	2.0862915205458443	-0.07188954876904118	0.9426898074037117	0.9883777259522915	1_vs_3
NM_016024	1409.4916830443337	-0.2824874473386613	0.3179194072305499	-0.8885504971195612	0.37424470558917444	0.9883777259522915	1_vs_3
NR_027141	575.6650656792143	-0.4232682476978529	0.3176718299179063	-1.3324072449459403	0.18272640268537288	0.9883777259522915	1_vs_3
NR_073150	0.3131848565650011	-2.6190053710538406	5.308907100214166	-0.4933228857872061	0.6217844601791374	0.9883777259522915	1_vs_3
NM_016521	1.409614889612089	0.3586894455071762	4.300015632200264	0.08341584686836111	0.9335208884465046	0.9883777259522915	1_vs_3
NM_001448	827.2712412557731	1.691131184841737	1.5851011257923158	1.0668916685024887	0.2860207574860435	0.9883777259522915	1_vs_3
NR_029491	0.6263697131300022	-3.6933187724330265	5.223902943613785	-0.7070037120326104	0.47956417098399706	0.9883777259522915	1_vs_3
NR_029852	0.26108172549402897	1.6098080308373608	5.250979923268886	0.3065728786552299	0.75916849985718	0.9883777259522915	1_vs_3
NR_029950	0.41546909309624924	-2.1810677431232928	5.365091928083969	-0.4065294262166009	0.6843536402468026	0.9883777259522915	1_vs_3
NR_029949	0.13054086274701449	0.6060962462352261	5.348477094959249	0.11332127547231162	0.9097758504972489	0.9883777259522915	1_vs_3
NR_029509	0.254209863496393	1.5748242270191148	5.253382362807919	0.2997733875547135	0.7643500159473218	0.9883777259522915	1_vs_3
NM_032458	44.9343916204414	-0.04404443511224206	0.7143704030335442	-0.061654899090456725	0.9508376569095041	0.9883777259522915	1_vs_3
NM_032335	0.5638416039343203	0.8645618880996084	4.879774927558303	0.17717249277564734	0.859372901421486	0.9883777259522915	1_vs_3
NR_038998	2.4745045380975283	-0.17975676247231806	2.8820338865984487	-0.06237149511259838	0.9502669943553095	0.9883777259522915	1_vs_3
NR_024607	10.80035057283783	-1.650385528303597	1.2139135939994548	-1.3595576624742358	0.1739699435263936	0.9883777259522915	1_vs_3
NM_138819	2.562270965350614	-0.20590963855689767	2.8259361802743506	-0.07286422106563899	0.9419141656859167	0.9883777259522915	1_vs_3
NM_001170781	76.00056061754664	0.28596111523489526	0.5211264553305615	0.548736515503716	0.5831862830138415	0.9883777259522915	1_vs_3
NM_001170780	8.105312556063085	-0.1870940984944107	1.3102784925689954	-0.14278956691686584	0.8864563770399625	0.9883777259522915	1_vs_3
NM_001170779	2.155956882494348	-0.8790485835490871	2.6392340563360777	-0.33306958185036006	0.7390817598842506	0.9883777259522915	1_vs_3
NM_001166599	229.7487500440736	0.5799989493318961	0.3890912597399235	1.4906501619172305	0.13605336718981328	0.9883777259522915	1_vs_3
NM_001163438	22.33919766510128	-1.436169104496962	0.9976255919786647	-1.439587272063161	0.1499842027309423	0.9883777259522915	1_vs_3
NM_019556	8.692591298297588	0.1607041073126424	1.294344025217211	0.12415872765022713	0.9011895998832135	0.9883777259522915	1_vs_3
NM_001078171	833.5247472927822	-0.02394453480896544	0.3908802442258741	-0.06125798160095512	0.9511537537480907	0.9883777259522915	1_vs_3
NM_001078173	9.211065734097806	-0.22029092204558348	1.527829759638881	-0.14418551586379075	0.8853539780960737	0.9883777259522915	1_vs_3
NM_001078172	65.39808976032502	-0.28076981511405996	0.5668682507804198	-0.4952999479641312	0.6203884076531593	0.9883777259522915	1_vs_3
NR_024493	2.592097339445289	-1.6276619403331039	2.7370603980068	-0.5946752002690223	0.552060602132562	0.9883777259522915	1_vs_3
NM_152695	130.36744293924195	0.32824208069758143	0.4485972466606469	0.7317077470738218	0.4643469668803024	0.9883777259522915	1_vs_3
NM_007131	93.48687684361342	0.49473871210229087	0.4885380068507096	1.0126923702242805	0.31120712336012635	0.9883777259522915	1_vs_3
NR_046740	0.8550803128219601	0.8329800544433373	3.744869814634334	0.2224323129173112	0.8239773597242351	0.9883777259522915	1_vs_3
NR_024359	3.8084730767541135	0.2174877738599669	1.8860844581315652	0.1153117894176486	0.9081979940941037	0.9883777259522915	1_vs_3
NM_001017417	1.6797080204760535	-1.4473994517642381	3.6616700716599415	-0.3952839615361878	0.6926333345211205	0.9883777259522915	1_vs_3
NM_173470	1594.4569723620516	-0.22342338745145632	0.33169738368748275	-0.6735759714703099	0.5005809338688708	0.9883777259522915	1_vs_3
NM_001173517	19.42106414676758	0.4610226207222063	0.944857795214404	0.48792804912785054	0.625600806001838	0.9883777259522915	1_vs_3
NM_014500	0.17221901569327688	-2.181080956832157	5.365096756753665	-0.40653152323610553	0.6843520997696819	0.9883777259522915	1_vs_3
NM_001163280	5.961213948099569	-5.486506013133202	3.2160742873165757	-1.7059637069860805	0.08801483705068303	0.9883777259522915	1_vs_3
NM_001727	0.34443803138655377	-2.9109974091085618	5.2795030365946705	-0.551377163519198	0.5813751519833972	0.9883777259522915	1_vs_3
NM_000074	1.3743644649614906	-4.704988573971939	4.798323017214455	-0.980548528536393	0.3268154273343601	0.9883777259522915	1_vs_3
NM_001164803	2197.5140558516855	-0.03296535158744009	0.37108309762691316	-0.08883549748898412	0.9292126462878328	0.9883777259522915	1_vs_3
NR_002735	0.25216590144850065	0.6061084700786703	5.34847546204396	0.11332359555166424	0.9097740111899201	0.9883777259522915	1_vs_3
NR_028597	13.82304738671485	0.3348687139545356	1.0784730639967357	0.31050262183975064	0.7561787660080022	0.9883777259522915	1_vs_3
NM_173694	10.6102347118038	0.34142373513380325	1.1809908419831465	0.28909939264260237	0.7725053183642092	0.9883777259522915	1_vs_3
NM_001271560	1.12934437885203	3.1834825913767304	4.550948799152227	0.699520634459734	0.48422672221850416	0.9883777259522915	1_vs_3
NM_004065	1.3867594638159486	1.6087988933307793	4.35487161203666	0.369425102885728	0.7118108898439712	0.9883777259522915	1_vs_3
NM_032461	0.6389605897398005	2.9031773874021067	5.192697870379407	0.5590884468674054	0.5761013590484192	0.9883777259522915	1_vs_3
NM_022661	0.13054086274701449	0.6060962462352261	5.348477094959249	0.11332127547231162	0.9097758504972489	0.9883777259522915	1_vs_3
NM_012317	17.694365543631022	-0.7709642412012138	1.4675645804285034	-0.5253358192769313	0.599349761198837	0.9883777259522915	1_vs_3
NR_024499	0.13054086274701449	0.6060962462352261	5.348477094959249	0.11332127547231162	0.9097758504972489	0.9883777259522915	1_vs_3
NM_152578	0.5962211417705512	-0.8503197123579933	5.674666760272499	-0.1498448716514872	0.8808870065372477	0.9883777259522915	1_vs_3
NM_001171909	19.79638972590355	-0.674473265557372	0.9523635248369107	-0.7082098883122109	0.47881492641267187	0.9883777259522915	1_vs_3
NR_104128	11.279465900459973	0.9548051160571189	1.2169910385771059	0.7845621584637696	0.432710324289879	0.9883777259522915	1_vs_3
NR_027455	42.57747623091587	0.9985997851819012	0.7027879719688375	1.420911889519618	0.15534237608717763	0.9883777259522915	1_vs_3
NM_001282302	5.109536559735664	-0.3922734233067459	1.6191564757314274	-0.2422702371180913	0.8085707742381005	0.9883777259522915	1_vs_3
NM_005366	0.38270676419551514	1.6098144959336973	5.2509794845235245	0.30657413548812834	0.7591675430850517	0.9883777259522915	1_vs_3
NR_102703	0.3070263949308039	0.6061135562948392	5.348474782619272	0.11332456091304807	0.9097732458730201	0.9883777259522915	1_vs_3
NM_001166401	0.7059421287351578	-0.8503183014636158	5.674666272826906	-0.14984463589257366	0.8808871925456139	0.9883777259522915	1_vs_3
NM_001013845	831.6347051600827	-0.255126546362059	0.39610726446372013	-0.6440844923848305	0.5195206457929533	0.9883777259522915	1_vs_3
NM_001301228	2.1533598579016595	-0.5001595341581249	2.600699154560595	-0.1923173363905023	0.8474936393895737	0.9883777259522915	1_vs_3
NM_001017980	2757.4998503039787	-0.18783363908505843	0.35853951074067747	-0.5238854671749517	0.6003582034112553	0.9883777259522915	1_vs_3
NM_018558	3.7020394442316054	1.3506835594116384	2.61812949725401	0.5158963912320932	0.6059267746949839	0.9883777259522915	1_vs_3
NR_073432	0.12162503870148617	-0.8503322872810664	5.674671104779214	-0.14984697290472315	0.8808853486970112	0.9883777259522915	1_vs_3
NM_001129765	1.2292841245034616	-1.6232110890363283	3.565767297858551	-0.4552207010286847	0.6489504691073308	0.9883777259522915	1_vs_3
NM_013364	0.13054086274701449	0.6060962462352261	5.348477094959249	0.11332127547231162	0.9097758504972489	0.9883777259522915	1_vs_3
NM_032882	3.672408524738259	-2.0857111883305137	2.479046653926703	-0.8413359970563028	0.4001597298954569	0.9883777259522915	1_vs_3
NM_004988	0.24325007740297233	-0.8503272893648489	5.674669378041732	-0.1498461377600624	0.8808860076067832	0.9883777259522915	1_vs_3
NM_001080485	2400.5453861256697	0.0027337580254155366	0.3023099412026248	0.009042898207516178	0.9927849094699234	0.9972456819214524	1_vs_3
NM_080701	10.296282880740307	-0.2895426766685617	1.3471501496764178	-0.21492977359510307	0.829822071335812	0.9883777259522915	1_vs_3
NM_001136273	26.010221220359085	-0.32545374853789316	0.968298147799033	-0.33610902724296027	0.736788651279656	0.9883777259522915	1_vs_3
NM_017518	31.565518798794244	-0.4404293418322454	0.7549323356067118	-0.58340240715519	0.5596224377484473	0.9883777259522915	1_vs_3
NM_152274	0.17221901569327688	-2.181080956832157	5.365096756753665	-0.40653152323610553	0.6843520997696819	0.9883777259522915	1_vs_3
NR_131982	8.15500557585053	-0.4279566856907505	1.3613862779628243	-0.3143536060398258	0.7532524883877242	0.9883777259522915	1_vs_3
NM_001711	1.2527394262600045	-4.708501394378792	5.184267100106909	-0.9082289364067863	0.3637572789441965	0.9883777259522915	1_vs_3
NM_001142806	0.26108172549402897	1.6098080308373608	5.250979923268886	0.3065728786552299	0.75916849985718	0.9883777259522915	1_vs_3
NM_005745	0.7059421287351578	-0.8503183014636158	5.674666272826906	-0.14984463589257366	0.8808871925456139	0.9883777259522915	1_vs_3
NM_000033	288.5333580590328	-0.41980284993279454	0.47913142145593063	-0.8761747427399874	0.3809350449822405	0.9883777259522915	1_vs_3
NM_001139457	29.34091650299021	-0.6665083478185971	0.9102288991427309	-0.7322425693650533	0.4640205258399721	0.9883777259522915	1_vs_3
NM_001256447	0.6974090957541327	-2.9109812687432517	5.279497042838668	-0.5513747323131527	0.5813768182547019	0.9883777259522915	1_vs_3
NR_037927	55.94155805609159	0.3342629661426891	0.5722119257440863	0.5841593841442995	0.5591130846836714	0.9883777259522915	1_vs_3
NM_174869	23.87066734598108	0.14892982010743483	0.8297867862212294	0.1794796236580811	0.8575611155078621	0.9883777259522915	1_vs_3
NM_006280	0.12162503870148617	-0.8503322872810664	5.674671104779214	-0.14984697290472315	0.8808853486970112	0.9883777259522915	1_vs_3
NM_001303513	0.42642887918966993	0.24408689332708833	4.917356926814667	0.049637823115110204	0.9604110052814175	0.9883777259522915	1_vs_3
NM_001204527	0.873894627937922	-2.910977718512937	5.279495724474628	-0.5513741975428181	0.5813771847695819	0.9883777259522915	1_vs_3
NM_005334	7729.718142844126	-0.11176585033318849	0.35258316672427154	-0.31699145302813636	0.7512500875828971	0.9883777259522915	1_vs_3
NR_027419	2.16336364358042	1.2974715767173368	2.7724056486177533	0.4679948539869052	0.6397882697339101	0.9883777259522915	1_vs_3
NM_002910	246.52048648362992	0.15969678665869314	0.4007305317747074	0.39851414852631045	0.6902512311223317	0.9883777259522915	1_vs_3
NM_001164741	9.092521513709322	0.5669764303591186	1.328627015637156	0.42673859833206806	0.6695697335971598	0.9883777259522915	1_vs_3
NM_003492	131.04880243462014	-0.07671278950727398	0.5233623523669714	-0.14657682036228026	0.8834660507134049	0.9883777259522915	1_vs_3
NR_130768	0.9584908212481617	-0.4585431403105866	4.472240233472937	-0.10253097248188366	0.9183352299015085	0.9883777259522915	1_vs_3
NR_046608	11.455568679717539	-0.32100676186050997	1.1267005177714853	-0.28490868407110803	0.7757141026769612	0.9883777259522915	1_vs_3
NM_004992	1292.1508555064577	0.23501847791529895	0.3253957667589098	0.722254257503686	0.47013817046404105	0.9883777259522915	1_vs_3
NM_001316337	3.777811365858803	-0.709599690571832	1.9644429050262104	-0.3612218450107432	0.7179336131032683	0.9883777259522915	1_vs_3
NM_001303624	217.85586474427205	-0.7654408192025952	0.8084363028431578	-0.9468164857399977	0.34373229969145	0.9883777259522915	1_vs_3
NM_000117	2240.6566881466074	-0.41396966284895853	0.3427237719444855	-1.2078813806823225	0.22709289244965136	0.9883777259522915	1_vs_3
NM_001110556	1.1812954930187944	-1.5911801834259127	3.5882942270723825	-0.44343637470445807	0.6574501305529286	0.9883777259522915	1_vs_3
NR_000011	182.13855642874373	0.15327191017621852	0.407187390161809	0.37641615108785914	0.7066075406215533	0.9883777259522915	1_vs_3
NM_006014	628.6798373747283	-0.7277125011330041	0.3333809950309739	-2.1828253919075187	0.02904867100439905	0.9883777259522915	1_vs_3
NM_014235	1819.1023545589271	-0.4509404626133928	0.28254920039172954	-1.59597146970582	0.110495163278672	0.9883777259522915	1_vs_3
NR_024048	3.598877321010042	0.17283565614686963	1.8946939335382178	0.09122088432726982	0.9273170808423452	0.9883777259522915	1_vs_3
NM_001493	4244.774202108395	0.08638737864365637	0.2698280605907913	0.32015713434144066	0.7488492161243642	0.9883777259522915	1_vs_3
NM_019848	4.907462769222004	-4.898815182704018	3.6395207654246318	-1.3460055590952127	0.17830072377565054	0.9883777259522915	1_vs_3
NM_001183	2722.9989197509753	-0.0003663746973294622	0.30469776220123673	-0.001202420046286691	0.9990406078406517	0.9994354752395516	1_vs_3
NR_106917	0.3131848565650011	-2.6190053710538406	5.308907100214166	-0.4933228857872061	0.6217844601791374	0.9883777259522915	1_vs_3
NM_004699	2603.063153805059	0.009273761416810983	0.28231370624892943	0.032849136303123264	0.9737948942314734	0.9883777259522915	1_vs_3
NM_017514	665.4763253903087	-0.7208313048916926	0.4124747313419295	-1.7475768819742423	0.08053732133487125	0.9883777259522915	1_vs_3
NM_001282311	3.319507767454327	1.1202252382170836	2.2789601295803115	0.49155104719773307	0.6230367568771604	0.9883777259522915	1_vs_3
NR_103768	68.23948699756414	-0.4314603169532774	0.597971628356743	-0.7215397796362893	0.4705774750565145	0.9883777259522915	1_vs_3
NM_003639	8.531463938796577	0.6498258677654789	1.4708611090250412	0.4417996123347196	0.6586342191228207	0.9883777259522915	1_vs_3
NM_001099856	0.34443803138655377	-2.9109974091085618	5.2795030365946705	-0.551377163519198	0.5813751519833972	0.9883777259522915	1_vs_3
NR_110023	0.6849052591765755	2.573972145598363	5.203041254179706	0.49470531173102655	0.6208081515181987	0.9883777259522915	1_vs_3
NM_001288747	10.520659783343053	1.2402904291176733	1.2374200713277663	1.0023196308645834	0.31618924430872275	0.9883777259522915	1_vs_3
NR_104114	0.17221901569327688	-2.181080956832157	5.365096756753665	-0.40653152323610553	0.6843520997696819	0.9883777259522915	1_vs_3
NR_110021	6.251376454250816	-0.4303574303390471	1.5626018355638893	-0.27541080558358993	0.7830006433204846	0.9883777259522915	1_vs_3
NR_110022	8.112849732185383	-1.3421998733497729	1.5610750399424154	-0.8597920272937575	0.38990369490115007	0.9883777259522915	1_vs_3
NM_001162936	0.13054086274701449	0.6060962462352261	5.348477094959249	0.11332127547231162	0.9097758504972489	0.9883777259522915	1_vs_3
NM_012151	235.55032827875695	-1.2615810556386657	0.826241506699436	-1.5268914057322882	0.12678801701002415	0.9883777259522915	1_vs_3
NM_019863	0.4792454106240808	-0.7246190709970113	5.01881788736111	-0.14438042727587697	0.8852000716359297	0.9883777259522915	1_vs_3
NM_023934	3317.150891562575	-0.5076765084921598	0.2631494145181061	-1.9292329014747969	0.05370195536536	0.9883777259522915	1_vs_3
NM_001018025	54.16858773473399	-0.9830451481888787	0.6960259805139207	-1.4123684685779017	0.15784149570573758	0.9883777259522915	1_vs_3
NM_001018024	745.1469773607009	-0.5915904104168103	0.31676211416122046	-1.867617319019762	0.06181543062767345	0.9883777259522915	1_vs_3
NM_024332	1.0226500209602212	0.23872270080911265	3.9458621396862994	0.06049950362130274	0.9517578111802371	0.9883777259522915	1_vs_3
NM_171998	631.9242383665381	-0.07462721891995605	0.31148615482462616	-0.23958438525774245	0.8106524710240924	0.9883777259522915	1_vs_3
NM_001303544	0.43069539568018245	1.5748338064788023	5.253381697071822	0.29977524902799235	0.7643485959647672	0.9883777259522915	1_vs_3
NM_176786	5.725581682291615	0.1764879276421112	1.7167016903358283	0.10280640406871498	0.9181166224880439	0.9883777259522915	1_vs_3
NM_002186	3.1043706202773484	0.22974051798866207	2.0905699904544948	0.1098937223042774	0.9124936612653685	0.9883777259522915	1_vs_3
NR_110561	5.799766125449248	0.7176517560969922	1.6632206763009594	0.43148318579893197	0.6661170758673229	0.9883777259522915	1_vs_3
